NIP,Label,MD,MI,MS,MC,LD,LI,LS,LC,CD,CI,CS,CC,N,G,A,L,P,I,T,V,X,S,B,O,R,D,C,Z,E,K,F,W,DA,FLX,KM,KN,KP,KV,KS,KI,LB,MB,OH,PM,SK
21777763,HSP,3,7,3,4,9,3,3,5,-6,4,0,-1,4,5,5,4,7,5,2,2,2,9,5,5,6,5,2,3,5,5,4,5,3,4,4,4,3,5,4,3,5,3,3,3,2
21797705,HD,8,3,4,2,3,4,7,4,5,-1,-3,-2,7,7,8,7,4,7,4,1,0,5,5,4,3,5,3,6,3,6,2,3,3,2,4,5,3,2,3,2,3,3,4,4,3
21807750,HRP,5,1,2,6,7,5,5,2,-2,-4,-3,4,8,4,7,7,5,7,2,3,5,4,4,4,4,4,7,4,3,4,2,2,4,2,3,5,4,4,3,2,4,3,4,3,4
21827744,Dir,6,3,3,5,8,6,2,4,-2,-3,1,1,7,2,5,8,6,1,4,7,5,4,2,4,3,7,8,1,1,4,5,6,3,2,2,5,4,5,3,3,4,2,3,2,3
21857735,HRP,4,2,4,4,5,5,4,4,-1,-3,0,0,3,7,4,5,4,5,5,6,4,5,7,2,4,4,3,6,1,4,6,8,2,2,2,2,3,3,2,3,3,2,3,3,3
21717739,HSP,7,3,4,4,6,5,4,6,1,-2,0,-2,7,5,5,5,6,2,3,4,2,0,5,2,7,7,7,6,5,5,5,6,1,4,2,3,3,5,3,2,5,3,4,3,3
21637708,HA,2,4,7,6,9,5,1,5,-7,-1,6,1,8,3,3,1,4,0,4,5,2,8,3,6,5,8,6,5,5,4,3,7,3,3,1,2,3,3,3,3,3,2,3,2,3
21787729,HA,5,4,3,6,8,2,3,5,-3,2,0,1,5,8,2,4,5,3,2,6,2,5,4,6,4,5,5,7,3,6,2,6,1,3,3,4,3,3,4,3,3,2,4,3,4
21807730,HA,5,3,6,5,4,5,8,2,1,-2,-2,3,6,9,4,5,6,5,2,1,2,6,4,8,1,8,4,5,4,3,3,4,2,2,4,2,3,1,2,3,2,2,3,4,3
21807734,HD,6,6,2,2,8,5,4,4,-2,1,-2,-2,4,3,6,7,8,8,5,4,3,3,3,3,7,2,5,7,1,5,2,5,3,3,3,1,3,4,4,4,3,3,3,3,2
21827708,VD,1,5,5,6,7,4,5,3,-6,1,0,3,8,5,5,3,4,7,5,2,4,7,2,4,3,7,5,6,1,4,2,6,3,3,2,4,4,2,4,4,3,3,4,3,3
21837708,HD,7,3,4,6,5,6,5,2,2,-3,-1,4,6,7,6,7,8,4,7,4,3,3,4,3,3,4,4,5,2,5,4,2,5,2,4,3,4,3,3,2,3,3,4,4,3
21837749,HA,3,3,7,4,6,8,2,5,-3,-5,5,-1,6,3,6,4,3,3,7,6,5,3,4,6,3,5,5,4,6,5,3,3,2,3,1,5,3,4,3,3,4,3,4,2,4
21837756,HA,6,6,2,5,6,5,2,6,0,1,0,-1,4,3,4,8,4,6,6,2,4,6,5,5,4,3,3,8,4,4,4,3,1,2,2,2,3,3,4,4,2,2,3,3,2
21857763,HSP,8,5,2,3,6,3,5,5,2,2,-3,-2,2,6,3,7,6,7,7,5,2,5,6,5,1,1,2,5,4,6,9,1,2,2,4,3,3,5,4,3,4,4,2,4,2
21727745,Dir,3,8,4,3,8,4,2,5,-5,4,2,-2,6,4,6,8,6,8,3,4,1,6,5,5,2,2,3,3,5,6,5,2,3,2,4,3,4,4,4,3,3,3,3,3,2
21737718,SSP,8,2,2,6,4,8,4,4,4,-6,-2,2,6,4,4,6,6,8,3,4,0,2,4,3,5,6,6,6,1,3,5,8,3,2,4,1,3,4,3,1,3,3,3,4,3
21807745,HA,6,7,4,3,4,8,1,5,2,-1,3,-2,3,1,6,7,7,5,4,5,4,9,3,3,4,2,2,6,6,3,4,6,3,3,3,5,3,3,2,2,4,3,2,2,2
21817776,SSP,5,5,7,2,5,2,6,4,0,3,1,-2,5,5,3,2,4,4,6,7,5,4,4,4,4,4,5,6,4,6,4,4,3,3,3,3,4,3,4,3,3,3,3,3,3
21847783,HRP,4,3,5,4,8,3,3,5,-4,0,2,-1,5,5,4,2,4,0,3,4,3,8,6,7,8,6,7,8,2,4,1,3,3,3,3,4,3,5,3,3,4,2,3,3,3
21857736,HD,2,1,4,7,5,5,3,5,-3,-4,1,2,7,5,3,2,7,4,3,4,0,6,5,5,7,9,3,6,2,6,5,7,3,3,2,1,4,2,3,3,2,2,3,3,3
21887726,HA,8,4,2,4,5,2,7,5,3,2,-5,-1,3,3,8,7,6,7,7,2,6,6,6,5,4,3,5,5,1,3,1,2,2,2,4,3,4,4,3,3,2,4,3,3,3
21777764,HSP,8,1,2,5,9,4,2,3,-1,-3,0,2,5,5,9,8,5,4,4,2,3,5,5,2,4,4,5,4,4,5,2,5,3,3,2,3,4,5,2,3,3,2,3,2,4
21777765,HRP,1,6,7,5,13,2,2,3,-12,4,5,2,6,2,4,0,5,3,3,4,3,8,5,7,4,7,8,7,6,2,3,8,2,3,3,4,3,4,3,3,4,2,3,3,2
21817723,HSP,7,4,3,1,8,3,2,4,-1,1,1,-3,8,5,7,8,6,7,4,4,2,3,5,2,5,2,5,4,2,2,3,6,3,3,4,4,3,5,3,3,4,4,4,3,3
21827775,Dir,6,0,3,7,2,10,2,3,4,-10,1,4,5,4,9,8,7,6,3,3,4,0,2,3,8,3,4,5,6,2,5,3,3,2,2,5,3,5,2,2,5,3,3,3,4
21847766,HSP,7,0,1,5,5,11,3,1,2,-11,-2,4,7,5,6,7,8,6,3,1,1,0,6,2,8,8,4,5,3,3,2,5,4,2,4,1,4,3,2,1,2,3,4,4,3
21867737,HRP,5,3,7,2,6,4,6,3,-1,-1,1,-1,7,6,4,9,4,2,4,1,3,6,5,3,7,0,6,3,4,5,6,5,3,4,1,5,3,4,3,3,3,3,4,3,3
21867793,HSP,2,2,10,7,6,6,4,1,-4,-4,6,6,5,2,4,2,6,5,3,4,4,5,1,4,7,7,4,6,6,4,5,6,2,3,2,3,3,1,2,3,2,2,3,2,4
21877742,HD,7,4,3,4,6,6,3,4,1,-2,0,0,9,6,8,8,6,3,5,2,3,4,2,2,6,4,4,5,3,2,4,5,4,3,2,3,3,5,3,3,4,3,4,2,3
21637709,VD,0,8,8,3,11,4,0,5,-11,4,8,-2,7,4,3,6,4,3,2,2,2,7,4,8,7,2,8,6,4,3,3,5,3,4,4,3,3,4,3,3,4,2,3,3,3
21727728,HRP,5,2,6,3,9,2,0,5,-4,0,6,-2,4,7,5,8,7,2,3,6,0,5,5,4,7,2,2,6,3,3,3,8,2,3,4,1,3,1,4,3,2,3,3,3,2
21727735,HSP,2,4,7,5,11,3,0,4,-9,1,7,1,8,6,5,3,5,3,2,5,3,8,4,6,5,4,4,4,5,3,1,6,2,3,3,1,4,3,4,3,2,3,4,3,3
21777711,HSP,5,3,1,9,8,5,2,3,-3,-2,-1,6,7,7,4,4,6,1,4,4,2,6,3,4,8,4,5,3,2,5,4,7,5,2,2,3,4,4,3,3,3,2,4,3,4
21767725,HA,4,7,2,4,6,6,5,3,-2,1,-3,1,4,5,3,7,5,7,2,3,4,4,0,7,6,2,7,8,2,5,4,5,4,3,4,2,3,4,2,3,3,2,3,3,3
21787713,HD,5,7,5,0,7,3,4,3,-2,4,1,-3,4,7,3,2,5,6,5,1,4,5,4,6,5,4,4,6,6,5,3,6,2,4,2,3,2,4,4,4,3,2,3,3,2
21787762,HA,6,1,4,6,6,5,3,2,0,-4,1,4,8,5,7,2,3,3,7,3,4,5,2,2,2,6,4,5,8,6,3,5,3,3,2,2,4,5,2,3,4,3,4,3,4
21797707,HSP,5,9,4,2,4,4,6,7,1,5,-2,-5,2,4,3,8,8,7,2,5,3,6,6,7,3,2,1,6,7,4,2,4,4,3,4,5,2,5,3,3,4,3,2,3,2
21807704,HRP,5,7,4,3,5,2,4,7,0,5,0,-4,6,0,5,8,8,5,3,3,2,7,5,5,5,4,4,5,6,8,4,4,4,4,3,5,2,5,4,3,5,2,4,3,2
21817709,HRP,6,3,4,7,5,6,4,4,1,-3,0,3,7,7,7,8,4,5,4,2,3,5,7,3,4,1,4,4,5,4,3,3,2,2,2,5,4,3,2,2,3,4,4,3,3
21767732,HA,1,11,5,1,7,2,2,7,-6,9,3,-6,5,4,6,8,6,3,3,4,0,7,4,8,5,2,5,7,4,6,1,2,4,3,3,2,2,3,3,3,3,3,3,2,2
21817749,HA,4,3,5,5,8,6,3,4,-4,-3,2,1,6,7,6,7,3,5,3,3,4,5,8,4,3,2,6,5,4,8,6,3,4,2,2,5,4,4,2,3,4,3,4,3,4
21817754,SSP,3,2,3,7,8,8,0,2,-5,-6,3,5,6,4,3,3,3,5,3,5,4,2,3,2,6,7,4,7,6,5,4,8,5,2,2,5,3,5,2,3,5,2,3,3,4
21827747,HA,4,0,6,7,7,8,4,2,-3,-8,2,5,5,6,5,2,7,4,3,2,1,6,3,6,9,3,6,5,4,3,5,5,5,3,2,5,4,5,3,3,5,3,4,2,4
21837724,SSP,7,3,6,1,4,2,3,7,3,1,3,-6,9,6,7,6,3,4,2,3,4,7,3,4,4,3,4,4,6,2,4,5,4,3,2,3,3,3,3,3,3,3,4,2,3
21837753,HA,3,2,2,8,5,8,2,2,-2,-6,0,6,9,3,3,4,4,3,2,5,1,0,2,3,7,8,9,6,4,6,4,7,3,2,2,4,3,5,2,2,4,2,2,2,3
21847705,HA,2,4,7,5,8,4,4,2,-6,0,3,3,9,5,7,2,2,3,2,2,5,3,3,3,7,8,8,5,5,3,2,7,4,3,2,5,4,5,3,3,5,3,3,3,3
21847724,HD,6,2,5,5,6,8,3,0,0,-6,2,5,3,6,6,6,5,2,8,5,4,3,3,3,4,3,6,2,2,4,7,8,4,3,3,5,4,5,2,3,5,3,4,2,4
21847762,HRP,3,1,5,4,6,4,4,3,-3,-3,1,1,9,4,4,1,3,1,3,3,4,4,4,3,7,9,8,6,5,5,2,5,3,3,1,4,3,5,3,3,5,2,2,2,3
21847767,HA,6,3,5,2,5,5,3,5,1,-2,2,-3,6,7,5,7,6,5,1,4,1,4,3,7,2,5,6,4,4,3,4,6,3,3,2,5,3,5,3,2,5,3,4,3,4
21857719,SSP,9,2,4,6,7,2,4,5,2,0,0,1,8,3,3,2,5,6,8,5,3,5,3,4,5,5,4,7,2,2,5,5,3,3,3,2,3,2,3,2,2,2,3,4,3
21857726,VD,2,4,7,2,12,4,1,4,-10,0,6,-2,5,6,7,5,5,2,2,5,4,6,2,5,4,4,5,2,6,4,6,5,5,3,4,3,3,3,4,4,3,3,4,3,3
21857747,HA,4,6,5,4,5,3,4,6,-1,3,1,-2,6,4,3,7,8,3,2,5,5,5,2,6,4,7,5,5,3,6,2,5,5,3,5,4,3,4,4,4,4,2,3,3,3
21797703,HA,6,6,4,5,8,6,3,3,-2,0,1,2,3,2,6,6,8,7,3,0,4,2,2,4,8,7,5,6,5,3,4,5,3,4,3,3,3,4,4,3,4,3,3,3,3
21867738,HD,12,1,1,4,3,7,4,6,9,-6,-3,-2,6,5,6,9,7,8,6,3,3,2,1,2,3,2,3,6,4,6,4,4,3,2,4,3,4,5,2,2,4,4,3,3,3
21867751,HSP,4,4,4,2,2,2,7,7,2,2,-3,-5,9,6,7,7,4,8,5,4,6,5,3,3,2,1,5,7,2,4,1,1,5,3,4,5,3,5,3,3,5,5,4,3,2
21867796,HSP,9,3,1,6,5,7,6,1,4,-4,-5,5,5,6,7,7,7,6,7,4,6,3,3,3,4,3,4,6,1,5,4,2,2,2,4,2,4,2,2,2,2,4,4,4,3
21877711,SSP,5,8,2,2,4,0,4,10,1,8,-2,-8,4,6,4,8,6,5,7,2,4,5,5,7,2,2,3,7,5,5,2,2,4,2,4,3,3,5,3,3,4,4,3,3,2
21877717,HRP,4,7,7,0,6,1,3,7,-2,6,4,-7,4,5,6,3,4,4,4,6,3,9,4,8,2,0,4,6,8,0,3,7,5,4,2,5,3,5,3,3,5,3,3,2,1
21877739,HA,3,7,4,6,6,5,5,3,-3,2,-1,3,7,5,4,6,4,2,5,3,4,9,6,5,4,2,4,4,5,4,1,6,3,3,4,4,4,4,4,3,4,2,3,3,3
21877744,HA,4,3,5,4,5,9,4,3,-1,-6,1,1,4,8,2,2,2,3,2,2,4,3,2,7,9,7,6,4,3,6,7,7,4,3,2,3,3,1,2,3,1,2,3,2,4
21877780,HD,3,2,3,7,4,7,5,4,-1,-5,-2,3,2,3,6,8,6,5,3,2,3,5,4,5,4,8,5,5,2,5,2,7,2,2,2,5,3,5,3,2,5,3,3,3,4
21887702,HSP,3,6,4,5,8,8,3,2,-5,-2,1,3,5,4,3,3,4,6,6,2,2,3,5,7,7,0,7,5,7,5,4,5,5,3,2,5,3,5,2,3,5,2,2,2,3
21887744,HSP,8,2,2,7,5,7,4,1,3,-5,-2,6,5,9,9,5,8,1,3,4,3,1,4,2,7,6,6,4,3,6,2,5,3,2,4,5,3,5,2,2,5,2,3,3,3
21887760,HA,3,5,4,3,5,4,7,2,-2,1,-3,1,7,4,9,5,5,4,6,1,3,7,3,3,2,7,4,6,5,5,2,3,4,3,3,5,4,5,3,3,5,2,3,3,3
21897741,HD,5,2,7,5,5,3,3,5,0,-1,4,0,6,4,5,5,6,5,6,5,1,6,3,3,7,1,1,7,5,6,6,2,4,2,2,5,3,5,3,3,5,2,2,3,2
21897764,HA,13,1,1,3,2,8,7,0,11,-7,-6,3,6,6,8,9,5,7,5,5,2,1,3,5,3,2,4,8,3,4,2,2,4,1,3,5,3,5,3,2,5,4,3,4,3
21907701,HA,2,1,8,6,4,8,4,3,-2,-7,4,3,4,7,5,2,3,5,4,3,6,3,4,4,3,6,6,5,6,4,4,6,5,3,2,5,4,5,3,3,5,3,4,3,4
21907730,HA,11,2,2,3,4,6,3,5,7,-4,-1,-2,3,5,2,8,3,6,4,3,3,7,4,8,6,3,2,5,1,5,6,6,4,2,3,2,3,4,2,2,3,3,2,3,3
21827766,HA,4,4,2,6,7,7,2,2,-3,-3,0,4,9,4,6,8,2,3,2,1,2,6,3,3,7,5,7,7,2,5,3,5,3,3,2,4,3,3,2,3,3,3,3,2,4
21717717,Dn,3,9,5,3,7,3,2,5,-4,6,3,-2,7,6,6,4,4,6,3,4,3,7,4,3,6,0,5,6,4,4,4,4,4,3,4,2,4,4,4,3,3,4,4,4,2
21727753,HA,6,2,5,6,6,6,4,4,0,-4,1,2,7,6,8,8,4,6,6,3,4,4,4,4,4,4,2,6,2,4,2,5,2,3,2,2,4,2,3,3,2,3,4,3,3
21787714,HRP,9,4,3,2,8,4,2,3,1,0,1,-1,8,7,4,5,7,6,3,5,0,6,5,5,6,2,3,7,2,3,2,4,5,3,4,4,3,4,3,3,4,4,3,3,2
21757756,HA,2,7,6,1,7,5,2,3,-5,2,4,-2,6,4,2,4,7,5,8,4,5,9,4,7,1,3,5,4,2,3,2,5,4,4,4,2,3,4,3,3,3,2,3,3,3
21807769,HA,10,2,1,4,7,6,4,2,3,-4,-3,2,7,9,3,6,4,5,4,2,2,2,3,3,7,0,5,7,5,6,6,4,4,2,4,4,3,5,2,2,5,2,3,4,3
21827755,HSP,5,2,6,6,8,3,2,3,-3,-1,4,3,7,7,5,6,7,4,3,3,3,4,2,3,4,4,6,4,4,3,4,7,2,3,3,3,4,2,2,3,2,3,4,3,4
21817779,HA,8,5,2,3,4,5,3,7,4,0,-1,-4,7,6,6,9,8,6,3,2,1,6,4,3,3,4,3,6,3,4,2,4,3,3,4,3,4,5,4,3,4,5,4,4,2
21837711,HA,7,4,3,4,2,8,7,4,5,-4,-4,0,7,6,5,2,4,5,3,3,3,2,3,4,6,8,7,8,3,3,4,4,2,1,3,4,3,3,3,2,3,4,4,4,3
21837712,HSP,2,1,13,3,13,3,1,3,-11,-2,12,0,5,2,4,2,3,6,8,3,5,3,5,8,6,6,5,8,4,2,6,6,5,3,1,3,3,4,3,3,3,2,3,2,3
21837709,HA,3,7,7,2,13,2,1,5,-10,5,6,-3,4,6,3,5,5,3,3,3,6,9,7,7,2,3,3,5,8,2,2,4,2,4,3,2,2,4,3,3,3,2,3,2,2
21857702,HSP,2,1,12,4,12,5,2,1,-10,-4,10,3,6,5,6,2,5,2,6,2,5,4,3,7,6,6,6,5,6,2,3,4,4,3,1,5,4,5,3,3,5,3,4,3,3
21857739,HD,4,1,4,5,8,5,3,1,-4,-4,1,4,8,4,5,3,7,8,6,6,3,0,1,7,6,7,3,2,2,4,6,2,3,2,2,5,4,5,2,2,4,2,3,3,3
21857770,HSP,7,0,2,7,3,10,6,0,4,-10,-4,7,8,6,6,4,7,4,3,2,6,1,3,2,8,9,7,0,1,5,2,6,2,2,3,3,4,4,2,2,4,4,4,4,3
21847764,HA,3,1,9,5,6,7,2,5,-3,-6,7,0,5,5,5,2,4,6,3,5,5,7,2,6,3,3,4,4,7,5,3,6,3,3,1,2,3,2,3,3,2,3,4,3,3
21857774,HD,4,1,3,7,3,11,3,2,1,-10,0,5,8,4,5,6,5,6,4,1,3,2,1,3,5,8,8,5,1,5,3,7,4,3,3,5,4,5,2,2,5,3,3,3,3
21827730,HA,1,3,3,9,7,8,1,2,-6,-5,2,7,3,5,3,4,6,6,4,4,2,2,1,4,7,6,3,6,4,7,6,7,5,2,2,5,3,5,2,2,5,2,2,3,3
21867744,HA,7,3,2,5,7,5,3,2,0,-2,-1,3,8,8,4,5,4,5,1,5,3,3,4,6,4,4,6,2,4,6,2,4,2,2,2,3,3,5,3,2,4,2,3,3,4
21867772,HA,7,5,6,3,6,7,4,3,1,-2,2,0,4,7,4,5,6,5,5,5,4,2,4,4,6,5,1,5,4,6,7,5,4,3,4,2,3,1,3,3,2,3,3,3,2
21877710,HSP,2,9,4,1,6,3,4,5,-4,6,0,-4,5,7,3,3,4,6,7,3,0,8,9,5,3,0,3,8,5,5,3,3,4,3,2,3,3,4,3,3,3,2,2,3,1
21827756,HA,6,3,5,5,8,4,2,7,-2,-1,3,-2,8,4,6,2,5,2,3,2,3,6,5,3,8,4,7,6,7,3,2,4,4,3,1,5,3,4,3,3,4,3,4,2,3
21877722,HRP,7,0,4,7,5,9,3,0,2,-9,1,7,1,6,5,1,3,3,4,3,4,2,6,7,7,6,6,7,7,2,5,5,3,2,1,5,4,5,2,2,5,4,4,3,4
21877790,HA,3,7,5,2,9,3,2,5,-6,4,3,-3,5,4,6,3,3,7,3,2,2,5,3,6,2,8,9,6,2,5,5,4,4,3,2,4,2,4,4,3,4,3,2,2,1
21887731,HA,0,4,11,3,9,5,2,3,-9,-1,9,0,4,3,2,2,2,5,5,6,3,8,2,7,5,3,2,6,6,6,6,7,5,3,1,5,3,5,3,3,5,2,3,2,3
21897752,HA,1,0,8,7,9,6,3,3,-8,-6,5,4,7,9,7,3,4,3,1,7,3,4,6,6,4,8,4,1,2,1,5,5,4,3,2,5,3,5,3,3,5,2,4,2,3
21897766,HSP,7,3,5,1,4,6,5,3,3,-3,0,-2,7,3,6,7,5,6,8,4,3,3,7,2,4,2,3,6,5,6,4,5,3,3,4,3,3,4,2,2,4,3,4,4,2
21897769,HA,6,7,2,2,2,2,7,6,4,5,-5,-4,5,7,5,7,9,6,6,6,3,3,8,2,6,0,3,5,1,7,4,2,3,3,5,2,3,3,3,3,3,4,3,3,2
21897771,HA,7,0,0,8,3,3,9,2,4,-3,-9,6,5,5,4,7,9,2,4,3,5,1,2,2,8,7,4,6,4,6,3,3,4,2,4,4,4,5,2,2,4,3,3,3,3
21907704,HD,9,1,1,3,3,7,7,3,6,-6,-6,0,7,4,3,6,9,6,5,5,5,0,1,3,5,5,5,6,4,3,4,4,4,2,5,5,3,5,2,2,5,3,4,4,4
21907733,HA,10,2,2,3,6,4,4,5,4,-2,-2,-2,5,6,6,5,7,8,5,6,2,3,3,2,5,4,2,8,1,5,4,3,5,1,4,4,3,5,2,2,5,4,4,4,2
21907740,HA,3,3,4,6,6,6,4,4,-3,-3,0,2,6,5,3,7,6,3,6,4,3,3,4,5,6,3,5,5,3,2,6,5,4,3,3,3,4,5,3,3,4,2,4,3,4
21907746,HA,3,5,2,6,8,5,2,4,-5,0,0,2,7,4,2,3,5,3,2,0,1,7,4,6,8,8,5,6,5,5,3,6,4,3,2,5,3,5,4,3,5,2,3,3,3
21917739,HA,5,2,6,6,9,6,3,1,-4,-4,3,5,6,6,1,2,4,0,6,5,1,4,5,8,6,7,6,3,3,4,4,5,4,3,2,3,4,4,2,2,4,2,4,3,4
21847737,HA,2,0,9,4,9,5,2,4,-7,-5,7,0,9,3,4,0,3,3,7,4,1,2,4,4,5,6,9,3,6,5,5,7,2,3,1,3,3,2,3,2,2,2,3,2,3
21747705,Dir,6,3,5,4,9,5,2,2,-3,-2,3,2,6,6,6,7,7,7,4,4,2,1,7,3,1,2,6,4,7,3,3,4,3,3,3,5,4,4,2,2,4,3,4,3,4
21837705,HRP,6,6,4,3,6,6,2,6,0,0,2,-3,4,8,6,7,6,5,6,1,4,4,6,4,4,2,3,7,5,5,5,4,3,4,3,3,3,3,4,4,3,3,3,3,2
21867743,SSP,6,6,1,6,8,4,2,3,-2,2,-1,3,5,5,5,7,8,5,2,5,1,7,4,4,3,3,6,6,2,4,4,4,4,3,4,3,3,5,4,3,5,3,4,3,3
21777773,VD,9,5,0,2,7,5,3,4,2,0,-3,-2,6,5,5,6,9,7,4,4,1,3,5,2,6,3,2,8,5,5,3,1,2,2,5,5,3,4,3,2,4,4,3,3,2
21777781,HRP,6,2,9,3,8,8,2,2,-2,-6,7,1,5,2,4,4,0,2,4,2,7,8,5,7,8,4,4,3,7,7,6,6,2,4,1,3,3,5,3,3,3,2,3,2,3
21817766,HA,2,5,9,2,7,4,2,6,-5,1,7,-4,7,5,7,2,3,1,3,6,2,5,5,3,7,8,6,6,2,1,6,5,4,4,2,3,3,5,3,3,4,3,4,3,3
21817768,HRP,3,2,6,4,11,4,1,4,-8,-2,5,0,6,3,3,3,8,0,4,1,3,6,4,4,7,8,7,6,6,6,4,7,4,3,2,5,3,5,3,3,5,2,3,2,3
21837768,HA,7,7,3,0,3,2,4,10,4,5,-1,-10,2,7,2,7,3,7,5,6,5,6,9,6,1,2,2,7,2,3,3,5,3,3,4,3,3,4,3,3,4,3,2,3,2
21887702,SSP,2,10,6,2,8,1,3,6,-6,9,3,-4,4,4,2,5,3,6,0,5,7,9,7,8,2,5,4,7,5,4,0,3,5,3,3,5,2,5,3,3,5,2,3,2,2
21907786,HA,4,4,8,3,13,2,1,2,-9,2,7,1,2,3,4,1,4,6,8,2,7,5,3,5,6,7,3,1,4,3,8,8,4,2,3,2,3,4,4,3,4,2,3,3,3
21887725,HSP,6,3,7,4,6,5,3,4,0,-2,4,0,8,8,8,5,3,1,5,7,1,4,2,4,5,4,3,5,3,3,5,6,2,3,2,2,3,3,3,2,2,2,3,2,3
21897720,HA,10,3,3,2,7,4,2,8,3,-1,1,-6,7,5,5,7,9,5,4,2,2,9,4,2,4,0,4,7,5,4,2,3,4,2,4,5,3,5,2,3,4,3,3,3,2
21757746,HA,9,2,1,7,3,4,9,4,6,-2,-8,3,5,8,7,5,6,5,4,2,5,4,2,5,5,7,2,8,3,4,2,1,3,1,4,3,4,2,3,2,3,3,3,3,3
21797702,HA,4,4,5,1,7,5,1,2,-3,-1,4,-1,4,5,2,4,8,7,4,7,2,6,3,5,1,3,5,6,3,5,6,5,4,3,2,3,3,1,3,3,1,2,3,3,3
21817707,HA,10,5,2,5,3,4,9,5,7,1,-7,0,6,0,7,5,7,7,4,4,2,5,2,6,5,6,7,3,2,3,4,5,3,3,4,2,3,2,3,3,2,4,4,3,3
21827702,HSP,1,1,4,9,9,8,2,1,-8,-7,2,8,6,6,4,3,6,2,1,5,4,5,3,5,9,4,6,5,4,5,4,3,2,2,2,1,3,2,3,3,2,3,4,3,4
21867701,HRP,8,3,1,5,5,3,5,4,3,0,-4,1,6,4,8,8,5,5,2,1,3,7,8,5,5,4,4,3,5,1,2,4,5,3,3,4,3,5,3,3,5,3,4,4,3
21867702,HSP,3,5,5,4,8,4,3,4,-5,1,2,0,6,6,7,8,4,2,4,3,3,6,3,5,7,5,2,3,2,6,4,4,3,3,2,2,4,3,4,4,3,4,4,3,2
21867704,HRP,4,3,8,3,7,4,4,4,-3,-1,4,-1,4,7,7,7,4,7,4,3,4,3,5,3,5,0,2,9,7,5,3,2,2,2,2,2,3,3,3,3,2,3,2,3,2
21867710,HSP,3,3,8,4,7,5,0,7,-4,-2,8,-3,7,7,4,1,4,5,7,3,4,5,8,5,1,4,8,2,4,1,5,5,3,3,1,5,3,3,3,3,3,2,3,3,3
21877701,HD,5,0,5,6,4,10,2,3,1,-10,3,3,7,6,5,6,6,6,4,2,4,2,5,4,7,5,5,2,2,1,5,6,4,3,3,3,4,2,3,2,3,4,5,4,4
21887720,HA,5,1,10,4,7,4,5,3,-2,-3,5,1,2,4,3,3,6,1,3,4,5,5,3,8,8,3,8,4,6,2,6,6,4,3,2,5,3,5,3,3,5,2,2,2,3
21807753,HA,2,2,6,8,10,9,0,1,-8,-7,6,7,8,5,3,1,5,2,3,4,4,3,4,3,7,6,7,4,7,3,4,7,4,3,2,5,3,4,3,3,5,2,4,3,4
21897728,VD,9,4,2,5,6,4,4,4,3,0,-2,1,8,6,6,8,6,8,5,5,5,5,4,4,2,1,2,7,3,2,1,2,2,2,3,5,4,5,3,3,5,4,3,4,2
21917704,HA,5,2,4,4,8,6,0,4,-3,-4,4,0,6,8,5,1,4,5,2,3,2,3,4,7,7,5,5,5,6,4,4,4,4,3,1,4,3,5,3,3,4,2,4,3,4
21917716,HA,2,6,7,4,9,3,2,5,-7,3,5,-1,8,6,8,2,3,3,4,3,2,7,3,5,2,3,9,4,6,3,4,5,3,4,3,2,3,4,4,3,3,3,3,3,3
21917718,HA,3,1,7,7,13,6,2,1,-10,-5,5,6,4,8,5,0,0,1,3,5,3,7,4,7,3,7,5,4,6,1,8,9,4,2,1,5,3,5,2,3,5,2,3,2,4
21827705,HA,6,2,2,7,4,7,6,1,2,-5,-4,6,5,7,8,5,6,1,3,2,5,1,1,2,8,8,7,7,3,5,3,3,3,2,4,3,4,3,2,2,3,3,3,3,3
21927721,SSP,3,0,6,10,7,7,1,1,-4,-7,5,9,9,6,6,3,4,6,5,2,4,2,1,5,8,2,3,5,8,4,2,5,4,3,2,3,4,3,3,3,3,3,4,3,3
21827738,HA,7,2,5,3,6,4,3,5,1,-2,2,-2,6,2,3,7,9,5,3,6,3,4,5,3,5,2,7,5,4,5,2,4,4,3,4,3,3,3,3,2,3,2,2,3,2
21957717,HA,4,4,8,3,10,4,2,4,-6,0,6,-1,5,4,5,6,7,2,3,3,1,9,6,7,5,3,7,3,3,3,3,5,3,3,4,3,3,3,3,3,3,2,3,3,3
21957718,HA,2,4,5,5,9,5,1,4,-7,-1,4,1,5,7,5,1,5,5,2,2,2,8,7,8,4,4,7,5,5,3,2,3,4,3,1,3,3,3,2,3,4,3,4,3,3
21827752,HA,8,5,0,1,3,1,9,7,5,4,-9,-6,4,5,6,8,7,7,4,4,5,5,3,4,6,3,3,6,0,3,5,2,4,3,4,3,3,4,4,3,4,4,3,3,2
21827704,HSP,3,0,7,5,6,8,1,3,-3,-8,6,2,7,4,5,9,7,4,3,2,2,4,4,6,6,2,7,7,4,5,3,4,5,3,2,5,3,5,3,3,5,2,3,2,3
21827705,HA,4,8,3,4,7,1,6,5,-3,7,-3,-1,4,3,5,7,8,6,2,5,3,3,4,2,8,4,3,4,4,4,6,5,3,3,3,3,3,3,3,3,4,2,3,3,2
21847701,SSP,1,2,10,2,9,6,1,2,-8,-4,9,0,6,6,4,1,3,2,7,1,4,9,5,8,4,4,6,3,5,1,6,5,4,3,1,2,3,4,3,3,4,3,4,3,3
21847703,SSP,6,5,2,6,9,3,3,4,-3,2,-1,2,5,4,5,6,6,5,3,5,2,5,5,5,3,7,6,5,1,3,4,5,3,3,4,4,3,3,4,3,4,2,3,3,3
21857702,HA,2,3,8,2,6,5,3,6,-4,-2,5,-4,6,3,2,2,6,7,4,3,7,7,2,6,3,4,6,5,6,3,2,6,4,3,2,5,2,5,3,3,5,2,3,3,3
21857708,HA,4,0,10,4,7,10,0,2,-3,-10,10,2,5,2,4,4,3,2,2,7,4,6,6,4,5,3,8,4,6,2,6,7,4,3,1,5,3,4,3,3,4,2,3,2,3
21867701,SSP,5,2,8,4,6,8,2,3,-1,-6,6,1,8,6,7,4,6,1,3,4,4,5,3,4,7,7,5,3,3,0,5,5,3,3,2,2,3,3,3,3,3,3,4,3,3
21877705,HA,5,7,3,3,5,5,1,5,0,2,2,-2,4,5,5,7,8,5,4,4,3,3,5,4,7,0,4,6,6,4,3,3,2,3,3,5,3,2,4,4,3,3,3,3,1
21877720,SSP,6,3,5,6,7,2,5,6,-1,1,0,0,7,2,5,8,6,5,4,2,4,4,6,4,4,7,7,3,2,4,1,5,3,3,2,5,4,4,3,3,4,2,4,3,4
21897705,HA,4,2,7,4,11,4,0,3,-7,-2,7,1,8,5,3,7,4,4,4,2,3,4,6,4,6,2,7,5,4,3,3,6,2,3,2,2,3,3,3,3,3,2,3,3,3
21897716,HA,6,6,4,2,6,3,4,4,0,3,0,-2,4,7,5,7,5,7,4,2,6,6,5,9,5,0,1,5,6,2,3,1,4,2,4,5,4,5,3,4,5,3,2,3,1
21897717,SSP,5,0,3,8,7,3,3,4,-2,-3,0,4,6,6,5,2,1,4,1,4,3,2,6,5,6,8,8,7,4,3,4,5,5,3,1,5,4,5,3,2,5,3,3,3,3
21897720,HA,7,2,2,5,5,10,1,3,2,-8,1,2,2,6,7,5,4,6,7,2,2,3,2,6,4,1,7,6,4,5,6,5,5,3,2,5,4,5,3,2,5,4,4,4,3
21897722,SSP,7,2,3,4,7,3,4,2,0,-1,-1,2,7,7,7,2,5,3,4,5,3,8,4,4,4,5,2,4,5,6,2,3,3,2,2,5,4,5,3,2,5,3,4,3,3
21927702,HA,1,2,7,8,10,6,1,2,-9,-4,6,6,6,7,3,3,5,0,2,2,5,5,6,6,4,7,8,2,7,1,5,6,3,2,2,3,3,4,3,3,3,2,3,3,3
21787736,HA,7,2,3,4,7,3,7,4,0,-1,-4,0,4,3,5,7,5,5,4,3,2,5,5,7,4,2,7,5,5,6,3,3,3,2,4,3,4,4,2,2,3,3,3,3,3
21927731,HA,6,1,5,8,5,13,0,3,1,-12,5,5,8,7,6,3,6,2,4,2,2,2,4,4,8,7,7,5,3,4,1,5,4,3,2,5,4,5,3,2,5,4,4,3,4
21937705,HA,2,1,8,5,13,5,2,1,-11,-4,6,4,5,7,5,1,1,4,7,0,3,4,5,3,5,5,5,3,7,5,8,8,5,3,1,5,4,5,3,3,5,3,4,2,4
21867749,HA,3,7,3,5,8,3,6,3,-5,4,-3,2,6,4,5,5,6,4,5,4,3,9,4,5,6,0,4,4,4,5,3,4,3,3,3,5,3,3,4,3,3,2,3,3,2
21647738,HA,4,7,3,3,8,6,2,3,-4,1,1,0,5,6,2,7,8,5,1,2,2,3,6,6,3,6,6,3,6,3,4,6,3,4,3,3,2,3,4,4,3,2,3,3,2
21667749,HA,8,6,2,1,3,4,2,9,5,2,0,-8,3,5,5,7,6,6,9,5,5,5,5,1,1,2,1,9,4,6,3,2,4,2,4,4,3,3,3,3,3,4,3,3,2
21677716,HA,8,2,4,4,7,9,1,3,1,-7,3,1,9,6,3,7,3,4,4,8,4,1,2,4,6,0,5,5,4,4,5,6,2,3,2,3,4,3,3,2,3,3,3,3,3
21727751,HA,12,1,1,6,8,1,3,5,4,0,-2,1,7,7,8,7,6,3,3,6,1,1,5,1,6,6,4,5,2,4,2,6,2,3,4,3,4,3,3,2,3,3,4,4,3
21777715,HA,10,3,1,5,5,6,5,3,5,-3,-4,2,7,5,5,8,7,3,5,4,2,2,4,4,6,2,6,6,4,7,3,0,3,2,3,3,4,3,3,2,3,3,4,4,3
21787732,HA,3,3,6,4,10,3,2,4,-7,0,4,0,9,8,6,3,3,1,2,2,3,5,3,3,4,8,7,5,5,5,3,5,3,3,3,3,3,2,3,3,3,3,3,3,3
21787739,HA,1,3,9,4,8,4,0,4,-7,-1,9,0,7,5,5,0,1,4,3,3,3,5,4,6,6,5,5,8,9,2,3,6,4,3,1,3,3,4,3,3,4,3,4,3,4
21797726,HA,3,2,5,5,10,4,2,4,-7,-2,3,1,8,3,7,3,3,4,3,1,4,2,7,5,7,7,8,2,7,2,2,5,4,3,1,3,3,5,3,3,4,3,3,2,3
21797734,HA,7,5,1,3,2,4,4,8,5,1,-3,-5,3,5,5,7,5,6,5,5,3,5,3,3,5,0,4,5,3,4,8,6,4,3,4,4,3,3,2,3,3,4,3,3,1
21797743,HA,4,2,4,7,8,5,3,2,-4,-3,1,5,7,5,3,4,4,2,6,4,4,4,3,3,5,6,5,6,4,3,6,6,3,3,2,3,4,3,2,3,3,2,4,3,4
21817707,HA,4,9,4,1,1,2,9,5,3,7,-5,-4,5,4,1,6,5,3,2,5,5,9,4,4,4,3,3,6,6,4,5,6,3,4,4,2,2,4,4,3,3,3,3,3,2
21827765,HA,3,6,5,2,6,2,3,5,-3,4,2,-3,2,6,5,4,2,3,3,2,3,8,7,9,5,2,7,6,5,3,4,4,3,4,2,3,3,4,3,3,3,3,3,2,2
21827773,HA,3,1,6,11,11,6,1,1,-8,-5,5,10,7,4,4,0,2,1,3,4,5,5,1,5,6,9,8,6,5,3,5,7,3,3,1,2,3,2,3,3,2,2,2,2,3
21847718,HA,13,1,3,4,1,5,7,6,12,-4,-4,-2,4,7,6,8,4,6,3,6,5,7,7,5,5,1,1,5,1,5,4,0,4,1,4,5,3,5,3,3,5,4,2,3,2
21847768,HA,4,2,5,6,5,6,3,5,-1,-4,2,1,8,5,6,4,4,2,0,3,2,4,5,4,5,8,9,3,5,4,3,6,3,3,2,3,4,2,3,3,3,3,3,3,3
21857710,HA,3,6,6,3,9,5,4,1,-6,1,2,2,5,6,6,3,6,4,3,3,3,4,3,5,7,5,9,5,1,4,1,7,3,3,2,4,4,4,4,3,4,4,4,3,3
21857741,HA,0,0,7,10,10,6,2,0,-10,-6,5,10,2,5,5,3,2,1,5,1,5,4,4,8,6,8,8,1,4,5,5,8,3,2,2,4,4,2,2,3,3,3,3,2,3
21857788,HA,3,2,6,6,8,6,2,3,-5,-4,4,3,7,1,3,5,6,5,1,1,2,4,4,5,8,8,8,5,4,5,3,5,3,3,3,4,3,3,3,3,3,1,2,3,3
21867728,HA,2,1,6,3,8,3,3,3,-6,-2,3,0,8,4,3,4,2,5,5,3,3,7,3,5,6,0,2,6,9,4,4,7,3,3,1,4,3,4,3,3,4,2,2,3,2
21867778,HA,5,7,5,1,7,3,4,7,-2,4,1,-6,4,7,5,3,6,6,5,4,4,5,4,4,6,0,4,7,5,4,5,2,4,3,3,3,3,4,4,4,4,3,3,3,1
21867786,HA,4,0,5,8,6,7,2,5,-2,-7,3,3,8,4,5,2,3,3,3,3,1,2,4,4,8,8,8,4,4,3,8,5,4,3,2,4,4,4,3,2,4,2,3,2,3
21877702,HA,1,1,8,9,9,7,1,1,-8,-6,7,8,7,5,5,1,1,2,3,3,5,5,3,5,8,8,7,1,3,5,4,9,3,1,1,3,4,3,3,3,3,3,3,3,3
21877751,HA,4,3,7,6,5,5,4,4,-1,-2,3,2,8,6,3,5,2,4,3,7,4,4,4,5,6,3,3,4,4,7,5,8,3,2,2,3,4,2,3,3,2,2,3,3,3
21877767,HA,6,1,0,8,7,6,5,1,-1,-5,-5,7,9,3,1,6,6,6,3,1,4,1,3,6,8,9,4,5,4,4,2,5,2,2,3,2,3,3,3,2,3,2,3,3,3
21887735,HA,4,3,6,4,6,6,4,1,-2,-3,2,3,7,7,6,3,1,6,4,1,4,1,4,4,6,7,6,7,4,5,2,5,4,3,1,3,4,4,3,2,4,3,4,3,4
21887772,HA,2,1,5,10,4,7,5,2,-2,-6,0,8,8,8,6,2,2,2,3,1,4,5,2,5,4,9,7,6,4,3,3,6,4,3,2,5,4,5,3,3,5,3,3,2,3
21887782,HA,5,4,4,3,6,7,1,3,-1,-3,3,0,6,3,4,3,1,4,3,7,4,5,5,7,5,4,5,7,6,3,2,6,4,4,1,5,3,4,3,3,4,2,3,2,3
21887784,HA,9,3,5,3,5,6,7,1,4,-3,-2,2,8,5,7,5,4,4,1,2,6,4,6,1,5,6,6,5,7,3,1,4,2,2,3,2,4,1,2,2,2,3,4,4,3
21887788,HA,3,3,4,8,12,5,0,1,-9,-2,4,7,7,4,5,1,2,5,4,2,5,4,5,6,5,9,3,2,8,2,6,5,4,2,1,5,4,4,3,3,4,2,3,3,3
21897733,HA,2,1,8,5,8,8,3,1,-6,-7,5,4,6,5,3,5,5,5,3,6,3,1,5,4,5,7,4,2,4,3,6,8,3,2,2,3,3,4,3,2,4,2,4,3,4
21897747,HA,1,4,9,1,8,4,0,5,-7,0,9,-4,3,4,2,3,4,6,6,6,3,9,5,7,1,1,2,7,7,2,5,7,4,4,2,3,2,3,3,3,3,2,2,2,2
21667742,HA,3,8,6,1,8,2,5,6,-5,6,1,-5,4,3,0,8,5,6,6,4,1,5,6,4,6,0,1,7,6,6,6,6,2,3,3,2,2,3,4,3,2,2,2,2,1
21787738,HA,5,5,4,2,8,2,6,2,-3,3,-2,0,2,7,8,5,6,7,3,6,1,1,3,5,5,4,3,8,4,4,3,5,4,3,3,5,3,5,4,2,5,3,3,3,2
21837706,HA,2,1,2,8,9,8,0,2,-7,-7,2,6,5,5,3,3,5,1,5,2,2,2,6,8,9,7,6,4,5,2,5,5,4,3,2,3,3,4,2,2,3,2,3,2,4
21837741,HA,6,5,4,4,3,7,6,3,3,-2,-2,1,3,7,6,4,7,6,3,6,4,2,5,7,8,2,3,5,4,3,4,1,3,1,3,3,4,3,2,2,3,3,3,4,3
21857731,HA,4,3,6,5,9,3,4,5,-5,0,2,0,7,6,5,5,4,5,4,4,6,1,3,5,4,5,6,2,5,4,3,6,4,3,4,4,4,3,4,3,3,3,5,4,3
21857753,HA,2,2,5,4,9,6,1,1,-7,-4,4,3,3,2,3,2,3,5,5,1,3,6,6,7,8,4,8,7,4,2,5,6,4,2,2,3,3,5,2,3,5,2,2,2,3
21877758,HA,3,5,5,8,7,1,8,1,-4,4,-3,7,7,6,7,0,0,3,5,2,4,1,4,5,8,7,6,3,7,6,3,6,3,3,2,4,4,4,4,3,4,3,4,4,3
21897708,HA,0,3,7,8,8,8,3,1,-8,-5,4,7,6,3,1,1,4,5,4,1,6,4,4,7,8,9,7,6,3,3,2,6,3,3,2,3,3,4,2,3,4,2,3,3,3
21757708,HA,3,6,6,6,6,8,2,3,-3,-2,4,3,5,8,6,2,2,2,6,3,4,4,5,8,6,7,4,3,3,1,4,7,3,2,2,2,4,3,2,3,3,3,3,2,4
21777704,HA,1,1,6,7,9,6,2,1,-8,-5,4,6,3,3,3,2,4,5,5,4,5,8,6,4,5,3,8,5,2,5,4,6,3,3,2,2,3,3,3,3,2,2,2,2,3
21847790,HA,2,5,4,3,8,6,3,2,-6,-1,1,1,8,6,2,2,4,2,1,6,7,6,3,4,5,6,7,6,4,2,4,5,3,3,2,4,3,3,3,3,3,2,4,3,4
21907745,HA,2,4,8,2,18,0,2,1,-16,4,6,1,4,4,4,0,0,1,4,7,5,6,8,7,6,5,8,3,4,2,4,8,4,3,3,3,3,3,3,4,3,2,3,3,3
21747773,HA,4,3,4,6,5,4,4,4,-1,-1,0,2,9,2,7,7,6,6,3,2,3,4,3,2,4,7,6,4,4,2,3,6,3,3,3,2,3,4,2,3,3,2,3,2,4
21777782,HA,0,3,12,3,14,2,0,3,-14,1,12,0,4,8,2,1,3,4,3,3,2,8,5,5,4,4,4,8,6,3,5,8,2,3,3,2,3,2,4,3,2,2,3,3,3
21837771,HA,3,3,5,5,6,4,2,5,-3,-1,3,0,7,6,6,3,5,5,3,4,2,7,4,4,7,4,3,3,3,4,5,5,3,3,1,3,4,3,3,3,3,3,4,3,3
21667737,Dn,4,6,5,4,7,5,3,4,-3,1,2,0,6,4,4,7,7,4,5,4,2,7,3,4,5,2,3,6,4,5,5,3,2,3,3,3,3,3,4,3,3,3,3,3,2
21677714,HD,4,8,5,3,8,4,2,3,-4,4,3,0,6,4,5,4,6,5,3,6,1,8,5,4,5,3,5,6,2,5,4,4,4,3,4,1,4,3,4,3,2,3,4,3,3
21687718,HD,2,8,7,2,6,3,7,4,-4,5,0,-2,5,7,4,3,7,3,1,4,0,8,5,7,2,6,7,3,4,7,7,5,2,4,4,3,3,4,3,3,3,3,3,3,3
21717710,HA,1,1,8,6,6,4,1,4,-5,-3,7,2,6,6,5,4,8,4,4,3,2,3,3,5,2,5,7,4,7,2,5,5,2,3,2,2,3,2,3,3,2,3,4,3,3
21687733,VD,5,5,4,6,8,4,3,4,-3,1,1,2,6,6,5,5,6,4,0,4,2,6,4,5,6,4,5,5,5,3,3,6,2,3,3,2,4,2,4,4,3,3,4,3,3
21717716,HD,4,1,8,6,8,9,1,3,-4,-8,7,3,3,6,5,7,7,5,4,4,1,3,5,4,7,1,2,6,6,4,3,7,4,3,2,4,3,5,3,2,4,3,3,3,2
21737756,HA,3,7,6,4,10,5,1,3,-7,2,5,1,6,6,5,4,9,2,1,6,2,6,3,7,7,4,6,5,3,3,0,6,3,3,4,2,4,5,3,4,3,3,4,3,3
21727734,HD,5,3,8,4,6,5,5,4,-1,-2,3,0,7,4,7,7,2,2,2,4,3,7,6,6,3,6,6,2,4,8,4,7,4,3,2,5,3,4,3,3,4,3,4,2,3
21747714,HD,10,2,1,5,5,10,3,2,5,-8,-2,3,5,6,6,6,8,3,5,2,3,2,4,4,7,7,5,6,2,6,2,4,2,2,4,4,4,4,3,2,4,4,4,3,3
21707745,HA,2,4,9,2,8,6,2,3,-6,-2,7,-1,7,2,4,5,1,5,4,4,2,8,7,5,1,2,8,5,6,3,5,6,3,3,1,3,3,1,3,3,2,2,3,3,3
21727708,HA,5,6,3,3,3,3,6,4,2,3,-3,-1,9,3,3,8,8,5,5,9,4,4,3,6,2,4,2,2,3,0,4,6,2,4,3,1,3,2,4,3,2,3,3,3,2
21647734,HRP,1,7,9,2,11,3,1,4,-10,4,8,-2,4,2,1,5,3,2,4,1,6,9,6,7,2,5,7,7,8,3,7,6,3,4,4,5,3,5,3,3,5,1,3,2,3
21737717,HRP,8,7,1,4,7,5,5,2,1,2,-4,2,6,3,5,7,5,6,6,3,4,4,2,8,6,3,4,5,3,4,5,1,4,2,4,1,4,3,3,3,2,3,4,3,3
21747741,HD,5,3,3,5,6,5,3,4,-1,-2,0,1,8,5,7,6,5,3,2,3,2,5,4,2,6,7,5,6,3,4,2,5,2,3,3,2,4,3,2,3,2,3,4,3,4
21757747,Dn,8,6,1,3,6,3,2,7,2,3,-1,-4,5,5,6,6,7,7,3,5,1,8,4,3,4,2,1,6,4,4,3,6,3,4,4,3,3,3,4,2,3,4,3,3,2
21767727,HSP,3,4,2,7,7,7,3,2,-4,-3,-1,5,7,6,5,6,5,3,3,1,2,2,4,5,7,3,9,6,5,7,2,2,5,2,3,5,4,4,3,2,5,3,4,4,3
21847706,HA,4,4,3,4,7,6,4,2,-3,-2,-1,2,4,7,4,6,2,5,4,4,2,5,3,7,7,0,3,8,4,4,7,4,3,2,2,3,4,3,2,2,3,2,2,3,3
21867712,HA,2,0,6,8,12,5,0,2,-10,-5,6,6,8,4,3,0,3,2,7,4,5,4,5,4,5,5,8,2,6,4,5,6,4,2,1,4,4,4,3,3,4,2,3,2,4
21757725,HA,11,2,0,7,3,6,9,1,8,-4,-9,6,8,7,7,9,8,3,5,5,2,1,2,0,4,3,6,4,2,5,3,6,2,2,3,3,4,5,2,2,4,3,4,4,3
21907787,HA,6,4,6,3,5,6,2,5,1,-2,4,-2,4,6,1,4,2,5,3,5,4,3,8,5,6,5,5,6,3,3,5,7,3,3,2,3,3,4,2,2,4,3,4,3,4
21757752,HRP,5,7,2,4,6,4,3,5,-1,3,-1,-1,7,3,3,6,6,3,2,6,3,6,6,4,6,4,6,7,3,3,2,4,4,3,3,5,3,5,4,4,5,2,3,3,3
21667702,HA,4,8,4,4,6,6,3,4,-2,2,1,0,8,7,5,5,5,7,2,3,1,7,6,4,0,4,6,6,4,5,2,3,3,3,2,2,3,2,4,3,3,3,4,3,3
21767716,HRP,9,3,3,5,7,4,2,6,2,-1,1,-1,7,9,5,7,6,7,4,1,5,4,0,6,4,3,5,5,1,6,3,2,4,3,4,5,3,5,3,3,5,2,4,4,3
21767744,HA,1,4,10,3,6,4,2,7,-5,0,8,-4,7,9,5,3,6,4,2,6,2,7,4,5,2,4,3,4,5,6,2,6,2,4,2,3,2,3,4,3,2,2,3,2,2
21767745,HSP,7,4,3,4,4,5,7,4,3,-1,-4,0,6,6,5,6,5,6,3,5,3,8,3,5,4,1,2,7,4,2,3,6,3,3,4,4,4,4,3,2,4,3,3,4,2
21667703,HA,7,4,6,5,2,7,7,5,5,-3,-1,0,8,2,5,4,5,5,1,1,2,7,5,6,4,8,8,5,5,3,1,5,3,2,4,3,3,2,3,2,2,3,3,3,3
21827709,HA,2,7,8,1,8,5,2,2,-6,2,6,-1,7,1,3,6,7,5,7,3,5,4,2,3,7,5,6,4,1,3,4,7,3,4,4,2,3,3,3,3,2,1,3,3,4
21857702,HA,3,9,5,3,4,3,2,8,-1,6,3,-5,3,4,6,7,4,6,6,6,4,7,4,7,3,2,1,4,3,2,6,5,4,4,3,3,3,4,3,4,3,3,2,2,1
21857710,HA,3,7,4,4,3,5,6,6,0,2,-2,-2,6,1,4,7,6,5,3,5,3,9,5,6,5,1,5,4,4,4,2,5,3,3,3,4,3,5,4,3,4,2,3,3,2
21897719,HA,7,2,7,4,6,4,3,5,1,-2,4,-1,7,5,5,6,5,7,2,3,1,2,2,5,7,4,7,5,2,4,4,7,4,3,3,3,3,4,3,2,4,3,4,3,4
21907723,HA,6,7,2,4,4,1,4,9,2,6,-2,-5,5,7,3,3,6,2,3,7,3,7,5,5,3,4,5,7,4,2,3,6,3,4,4,4,3,4,4,3,4,4,3,3,3
21717705,HA,8,6,6,2,7,7,3,2,1,-1,3,0,5,2,3,5,6,7,5,5,3,4,3,5,4,5,2,4,6,3,6,7,3,3,3,5,3,4,3,2,4,2,2,2,3
21807701,HA,3,2,5,5,6,5,4,2,-3,-3,1,3,5,7,6,3,4,5,6,2,7,5,7,4,5,5,4,3,3,3,3,3,2,3,2,1,4,1,2,3,2,3,4,3,4
21807707,HA,0,1,7,4,8,5,2,2,-8,-4,5,2,7,5,2,2,3,2,2,5,4,6,5,3,6,5,8,7,4,5,3,6,3,4,1,3,3,3,3,3,3,2,4,3,3
21827701,HA,7,5,2,4,7,5,4,4,0,0,-2,0,4,6,4,4,6,3,2,6,3,6,6,6,5,6,4,5,3,2,3,6,3,3,3,4,3,3,4,3,3,4,3,3,3
21837710,HA,5,4,5,5,10,4,2,4,-5,0,3,1,8,8,5,4,5,4,4,1,3,6,4,5,5,4,5,3,4,3,4,5,2,3,2,3,4,2,4,4,2,3,4,3,3
21837714,HA,3,10,5,1,7,3,1,5,-4,7,4,-4,3,7,6,4,7,5,8,6,2,8,3,8,2,0,1,5,4,1,5,5,3,4,3,4,3,4,3,3,4,3,2,3,1
21867718,HA,8,9,3,1,5,2,3,7,3,7,0,-6,6,6,5,1,5,3,7,6,6,5,6,2,5,6,2,4,4,2,4,5,3,3,3,2,4,1,3,3,2,4,3,3,2
21877701,HA,0,2,8,5,7,7,2,1,-7,-5,6,4,4,2,3,3,1,5,3,3,5,7,3,7,9,6,6,7,1,4,7,4,2,2,1,3,3,4,2,3,3,2,3,2,4
21877703,HA,4,3,4,4,8,4,4,3,-4,-1,0,1,4,5,3,4,3,1,3,3,5,8,3,7,5,5,8,6,3,4,3,7,2,3,2,2,3,3,2,3,3,2,3,2,4
21887714,HA,3,1,4,5,8,9,0,1,-5,-8,4,4,9,2,7,0,2,5,6,3,3,2,2,3,6,6,9,6,6,2,3,8,3,3,1,3,4,3,2,2,3,2,3,2,3
21897701,HA,2,0,6,6,14,3,1,1,-12,-3,5,5,5,5,5,0,1,2,6,2,4,4,3,7,6,7,7,4,6,2,7,7,4,3,1,3,4,4,2,3,3,3,4,2,4
21897706,HA,6,2,5,6,7,7,2,5,-1,-5,3,1,6,4,7,6,6,4,3,2,2,4,3,4,7,8,4,3,3,3,3,8,3,3,2,4,3,4,3,3,4,3,3,2,3
21897719,HA,4,7,6,1,8,4,3,3,-4,3,3,-2,2,5,5,7,6,6,8,4,4,6,4,6,2,0,2,5,5,3,6,4,4,3,4,4,4,4,4,4,4,3,2,3,1
21757731,Dir,2,10,5,3,10,4,3,4,-8,6,2,-1,9,7,5,2,4,5,9,6,3,6,3,5,4,2,2,5,2,6,3,2,5,3,3,5,4,5,4,4,4,3,3,3,2
21897721,HA,5,2,7,2,6,5,5,4,-1,-3,2,-2,7,7,4,5,4,6,6,5,4,4,3,4,6,2,4,5,0,3,5,6,4,3,2,5,3,4,3,3,4,2,3,3,3
21757749,HA,4,5,6,5,7,4,3,5,-3,1,3,0,6,4,6,5,7,5,3,5,3,7,3,4,5,6,2,6,3,4,2,4,3,3,4,2,4,3,4,3,3,3,3,3,3
21917702,HA,6,1,2,7,7,8,3,2,-1,-7,-1,5,5,7,6,5,6,3,3,7,1,1,5,7,5,5,5,5,4,3,2,5,2,2,3,3,4,2,2,1,2,3,4,3,4
21767740,HSP,7,6,4,4,6,5,4,5,1,1,0,-1,7,6,6,2,6,5,6,4,1,4,4,4,9,5,4,6,0,5,5,1,2,2,3,4,4,2,4,2,3,5,4,4,3
21917704,HA,1,2,8,8,12,4,1,3,-11,-2,7,5,4,7,3,0,4,2,5,5,3,2,7,6,5,5,5,2,9,1,7,8,4,2,2,5,3,5,2,2,5,2,4,2,4
21917706,HA,0,3,11,2,11,3,0,6,-11,0,11,-4,2,5,0,2,2,2,3,1,6,8,7,8,7,4,5,6,8,4,3,7,5,3,2,2,2,5,2,3,4,2,3,2,3
21777757,HA,0,1,11,7,11,6,0,2,-11,-5,11,5,5,6,5,3,5,0,2,3,3,4,4,6,9,6,6,1,6,1,7,8,1,3,1,2,3,1,3,3,1,3,4,2,3
21787720,HSP,5,0,1,11,8,5,3,3,-3,-5,-2,8,8,5,4,2,1,2,6,1,4,5,4,6,9,6,6,6,3,6,6,6,4,3,1,5,4,5,3,3,5,2,4,3,4
21807701,HA,7,3,4,6,5,6,3,5,2,-3,1,1,5,5,5,3,7,6,7,3,2,4,4,3,5,6,4,6,2,5,4,4,2,2,2,2,4,4,3,2,3,4,4,3,4
21917728,HA,6,1,3,5,7,5,4,3,-1,-4,-1,2,8,2,2,4,6,7,4,3,5,3,1,5,6,6,6,6,4,6,4,2,2,2,2,3,3,3,3,2,3,1,3,3,4
21917729,HA,6,2,2,7,5,6,5,3,1,-4,-3,4,9,5,6,5,2,3,1,4,3,5,2,5,7,7,7,6,1,4,3,5,4,3,3,3,3,4,3,2,4,3,4,3,3
21937732,HA,4,4,4,4,8,3,2,5,-4,1,2,-1,7,3,4,0,3,2,7,5,5,6,3,6,4,5,6,2,7,4,7,4,4,3,3,4,3,4,4,4,4,2,4,3,4
21937735,HA,2,0,3,12,9,10,1,1,-7,-10,2,11,8,3,4,2,2,6,4,1,4,2,0,5,7,8,8,5,4,4,6,7,3,3,2,3,4,4,2,3,4,2,3,3,3
21937741,HA,8,1,5,4,8,8,0,3,0,-7,5,1,6,6,6,4,5,5,3,4,2,1,4,7,6,4,9,6,3,3,3,3,4,3,2,3,3,3,3,2,4,3,4,3,3
21757753,Dir,7,7,4,1,2,6,7,4,5,1,-3,-3,3,7,2,4,5,6,6,2,2,6,6,4,5,5,3,3,1,7,6,7,3,3,4,5,3,4,4,3,4,3,3,3,3
21767724,HA,5,2,4,5,6,5,3,4,-1,-3,1,1,2,5,5,6,8,5,4,3,1,5,4,4,8,1,5,7,3,7,2,5,4,2,3,5,4,5,3,3,5,3,3,3,3
21787701,HA,6,0,6,4,8,7,1,4,-2,-7,5,0,2,6,4,5,3,4,5,4,5,6,6,7,2,7,5,4,1,2,4,8,5,3,2,5,3,5,3,3,5,3,3,2,3
21767729,HA,4,8,4,2,8,4,4,3,-4,4,0,-1,8,9,7,4,5,3,5,2,2,8,4,6,4,2,3,2,5,6,4,4,5,3,4,4,4,5,4,3,4,3,3,3,2
21777727,VD,3,2,3,8,11,3,1,3,-8,-1,2,5,5,5,6,3,4,4,4,1,2,7,6,2,7,3,6,5,5,4,5,6,2,3,2,1,4,3,2,3,2,3,4,2,4
21777745,HD,5,5,3,5,7,6,5,3,-2,-1,-2,2,5,7,6,7,6,4,3,1,2,4,7,4,6,4,6,5,3,4,1,5,4,2,3,5,4,3,2,2,4,3,4,3,4
21777766,HRP,2,6,6,4,11,7,0,2,-9,-1,6,2,4,4,2,3,5,5,5,4,6,9,8,6,4,3,1,3,7,1,5,5,3,4,1,3,3,5,3,3,3,2,2,2,2
21837704,HA,2,3,5,2,9,5,3,3,-7,-2,2,-1,6,5,4,5,5,4,3,1,3,6,4,5,6,5,6,4,4,5,4,5,4,3,2,5,3,5,4,3,5,2,4,3,4
21787702,HA,7,1,2,7,4,9,5,2,3,-8,-3,5,4,6,8,8,4,6,3,4,1,3,5,5,3,6,4,2,2,3,4,1,1,1,3,3,4,4,3,2,3,3,4,4,3
21787704,HA,2,2,5,7,6,7,1,4,-4,-5,4,3,8,4,6,4,6,1,6,4,2,5,2,6,6,6,6,4,3,2,3,6,3,3,2,3,4,3,3,3,2,3,4,2,4
21877703,HA,4,3,4,6,10,5,3,3,-6,-2,1,3,7,9,6,2,3,0,1,5,1,7,6,6,4,8,6,7,3,3,2,4,3,3,2,4,3,3,3,3,3,2,4,2,4
21667719,HA,3,6,8,3,10,4,3,3,-7,2,5,0,5,4,5,8,7,0,2,5,5,6,2,4,4,5,8,4,3,2,6,5,4,4,4,5,3,4,4,4,4,2,3,3,3
21817733,HD,1,3,10,2,11,3,2,2,-10,0,8,0,3,6,6,4,6,8,3,2,4,8,5,5,2,3,3,3,6,2,8,3,4,3,4,5,4,5,4,3,5,3,4,3,3
21677725,HA,6,1,3,9,9,7,3,1,-3,-6,0,8,7,4,6,2,5,2,4,3,3,3,3,5,4,8,8,5,7,3,2,6,3,3,2,4,4,4,3,3,4,3,4,2,3
21627720,HA,8,4,1,4,7,4,1,6,1,0,0,-2,7,6,5,8,5,6,3,5,4,3,5,4,5,1,2,6,6,3,4,2,4,2,4,5,4,4,3,3,4,4,3,4,2
21747708,HA,2,2,7,6,11,5,2,2,-9,-3,5,4,8,6,4,3,3,4,2,5,3,2,2,6,8,2,7,3,6,4,6,6,3,3,2,3,4,3,3,2,3,3,3,3,3
21777750,HA,7,3,2,6,5,7,5,3,2,-4,-3,3,8,4,7,4,4,6,5,2,2,3,3,3,8,7,4,7,2,3,4,4,3,2,3,3,4,4,2,2,4,3,4,4,3
21737746,HA,4,3,8,4,8,2,2,3,-4,1,6,1,7,2,3,5,2,5,5,3,1,8,4,8,7,1,2,5,7,3,5,7,2,3,4,4,3,4,3,3,3,2,2,3,2
21887785,HA,1,10,4,2,4,5,4,4,-3,5,0,-2,5,3,1,2,7,9,3,4,4,8,6,6,4,3,2,6,7,6,3,1,4,3,4,4,3,4,4,3,4,2,3,3,2
21847779,HA,2,2,5,6,5,5,4,6,-3,-3,1,0,6,4,5,2,6,3,0,4,5,7,2,7,8,5,7,4,5,0,5,5,3,3,2,4,3,4,2,3,3,2,4,2,4
21897725,HA,6,1,4,9,5,8,5,1,1,-7,-1,8,5,7,7,0,1,2,7,5,5,2,4,5,9,3,4,5,6,4,3,6,4,2,2,5,4,5,3,2,5,3,4,3,3
21877717,HA,1,0,8,7,6,10,2,3,-5,-10,6,4,8,5,6,1,2,4,3,5,5,1,2,3,8,8,5,4,5,3,5,7,5,3,1,5,4,5,2,2,5,3,4,3,4
21837702,HA,9,5,4,2,6,3,3,6,3,2,1,-4,8,7,7,9,6,5,3,5,3,4,6,3,4,4,1,5,3,1,1,5,2,3,4,2,3,3,3,3,2,4,3,3,2
21747757,HA,5,3,2,5,4,3,4,8,1,0,-2,-3,3,5,6,7,7,7,4,5,5,7,6,3,3,0,3,5,4,6,3,1,2,1,3,5,4,4,2,3,4,3,3,3,3
21747729,HA,8,2,4,4,6,4,4,5,2,-2,0,-1,7,7,7,6,8,4,4,4,1,2,3,2,6,8,4,5,0,6,2,7,3,2,5,2,4,2,2,2,2,4,4,3,3
21757710,HA,4,6,4,2,7,5,2,7,-3,1,2,-5,7,3,3,7,3,5,3,6,5,4,6,6,7,0,3,4,7,4,3,4,4,4,2,5,2,5,3,3,5,2,2,3,2
21847710,HRP,2,3,7,5,10,3,1,3,-8,0,6,2,5,5,4,5,3,6,5,1,5,6,4,6,7,3,3,5,4,5,1,7,3,3,4,4,4,5,4,4,5,2,3,3,3
21697724,HA,9,2,2,4,5,4,4,6,4,-2,-2,-2,6,6,6,8,6,5,4,3,2,2,3,3,7,2,7,7,1,6,3,3,4,2,4,5,4,4,2,2,4,4,4,3,3
21767714,HA,8,3,4,5,5,7,2,3,3,-4,2,2,5,3,6,5,9,4,5,4,2,3,5,1,9,3,3,7,6,3,3,4,4,3,3,4,4,4,2,2,3,4,3,3,3
21817735,HSP,1,3,3,8,11,3,2,1,-10,0,1,7,8,8,5,1,4,1,3,5,6,4,1,4,4,8,4,3,7,3,7,4,4,3,2,5,4,5,3,3,4,3,3,3,3
21777760,HA,5,4,3,7,6,4,3,5,-1,0,0,2,8,9,7,3,4,4,5,1,1,6,5,5,5,4,3,4,5,4,2,5,2,3,2,3,4,3,4,3,3,3,3,3,3
21827704,HA,2,4,10,1,7,5,2,4,-5,-1,8,-3,5,3,3,5,6,4,3,2,2,7,5,4,6,3,7,6,5,4,3,7,3,3,2,4,2,4,3,3,3,2,3,2,3
21837702,HA,5,2,2,9,6,6,6,3,-1,-4,-4,6,7,5,5,3,7,4,2,5,3,6,6,3,8,4,7,5,1,1,3,5,4,2,2,4,4,4,2,3,4,3,4,3,4
21837727,HA,5,1,4,9,7,7,2,2,-2,-6,2,7,9,6,6,6,4,5,6,3,2,1,3,2,4,5,7,5,2,2,6,6,4,3,3,5,4,5,2,2,5,3,4,3,4
21837720,HA,7,4,4,2,5,2,4,7,2,2,0,-5,6,7,6,7,6,7,4,1,4,3,0,3,6,0,4,7,6,6,3,4,4,3,4,4,3,4,2,3,4,3,3,3,2
21847742,HD,7,6,2,4,3,8,3,4,4,-2,-1,0,6,6,3,6,5,7,3,2,3,1,1,4,6,3,5,7,6,3,7,6,3,4,3,5,3,5,3,2,5,4,4,4,3
21807768,HA,6,6,7,1,11,1,2,6,-5,5,5,-5,2,7,6,7,8,2,6,6,7,5,2,6,2,4,2,5,4,2,2,5,3,4,4,3,3,3,4,3,3,3,3,2,2
21767717,HSP,2,2,5,9,9,6,3,0,-7,-4,2,9,3,6,8,4,1,1,5,2,4,4,5,5,8,8,4,4,3,2,6,7,4,3,2,5,4,5,3,3,5,3,3,2,3
21817743,HA,4,5,3,4,10,5,4,3,-6,0,-1,1,6,4,7,7,3,6,4,1,3,5,5,3,1,5,5,8,7,3,3,4,3,3,3,3,4,4,4,3,4,3,4,3,4
21787753,HSP,8,2,0,6,4,5,5,3,4,-3,-5,3,6,4,4,8,5,5,2,7,3,5,4,5,5,3,3,6,3,6,2,4,5,2,3,5,3,5,3,2,5,3,3,4,3
21827701,HA,4,6,6,3,10,2,2,4,-6,4,4,-1,9,6,5,6,3,4,0,3,4,6,3,4,1,6,8,6,5,4,2,5,3,4,4,2,3,2,4,4,3,3,3,3,2
21817742,HA,6,3,4,5,6,2,4,5,0,1,0,0,7,4,5,4,4,7,8,1,2,3,2,6,5,7,3,3,3,4,7,5,3,4,4,5,4,4,4,3,4,3,3,4,2
21787761,HA,6,5,5,3,7,5,5,5,-1,0,0,-2,7,5,5,8,9,3,6,7,4,1,3,2,3,3,6,7,3,5,0,3,3,4,3,4,3,2,3,3,2,3,4,3,2
21817744,HD,7,4,2,5,1,2,10,4,6,2,-8,1,4,4,6,6,6,7,4,3,3,8,6,5,2,3,5,5,3,6,2,2,3,2,4,4,4,5,3,3,4,3,3,3,3
21797738,HA,4,9,4,2,5,4,2,7,-1,5,2,-5,3,7,5,9,6,1,3,2,3,6,5,6,6,1,4,4,6,5,3,5,2,4,3,2,2,3,4,4,2,3,3,2,2
21797745,HA,4,5,7,1,7,4,3,5,-3,1,4,-4,7,7,3,5,5,3,3,3,1,7,2,7,5,1,5,6,6,4,4,6,4,4,2,4,3,3,3,3,4,2,3,3,2
21807709,HA,3,3,9,7,10,4,3,4,-7,-1,6,3,7,6,4,1,2,5,3,3,2,5,4,5,7,6,3,5,6,5,4,7,3,3,1,3,3,4,4,3,4,3,4,3,3
21827736,HSP,3,5,3,7,6,6,2,4,-3,-1,1,3,4,5,5,2,5,2,4,6,2,6,4,4,5,5,5,7,5,7,4,3,2,3,2,2,4,3,3,3,3,3,4,2,4
21837735,HD,4,5,4,4,10,6,0,4,-6,-1,4,0,4,8,6,6,6,5,4,2,2,6,1,2,4,1,4,6,5,7,4,7,4,3,2,5,3,3,2,3,4,3,3,2,3
21847711,HRP,3,2,5,7,4,8,7,0,-1,-6,-2,7,5,5,6,2,3,3,6,1,5,4,1,6,9,5,7,5,3,4,6,4,5,2,2,5,4,5,2,2,5,3,4,3,4
21847770,HA,5,6,6,0,7,4,3,3,-2,2,3,-3,7,6,6,5,6,6,5,5,3,7,4,1,4,2,3,5,2,5,3,6,2,4,3,3,3,5,3,3,4,3,4,3,2
21737716,HRP,3,9,4,5,3,3,8,8,0,6,-4,-3,5,6,2,7,7,7,5,3,5,4,5,6,4,0,6,6,3,5,2,3,3,3,3,3,2,4,4,4,3,2,3,4,2
21807741,HA,2,2,8,6,6,8,1,2,-4,-6,7,4,7,5,5,0,2,5,7,6,4,2,6,4,3,7,6,3,4,3,4,7,3,2,1,2,4,3,3,3,3,3,4,3,4
21757724,Dir,6,5,3,3,6,4,1,7,0,1,2,-4,8,6,4,8,3,4,4,3,3,5,3,2,5,2,5,8,3,4,6,4,3,3,2,4,3,4,4,4,4,3,4,3,2
21827759,HA,10,5,3,2,6,5,2,5,4,0,1,-3,7,4,4,5,7,6,6,3,2,4,2,3,5,5,6,7,1,3,4,6,3,3,4,2,3,4,2,3,3,4,4,4,3
217777053,VD,2,2,9,9,9,7,1,1,-7,-5,8,8,8,6,4,1,2,2,3,3,2,4,4,6,8,8,6,2,4,4,5,8,3,2,1,3,4,5,3,3,4,3,4,3,4
21857701,HA,3,5,6,7,9,5,6,1,-6,0,0,6,2,5,2,5,4,1,6,2,3,4,4,6,5,6,8,6,3,4,7,7,3,3,2,3,3,3,4,3,3,2,2,2,3
21787730,HA,1,2,7,7,9,5,2,3,-8,-3,5,4,5,6,8,0,3,1,6,6,5,3,1,3,4,7,6,5,6,2,6,7,3,3,1,4,4,3,2,3,4,3,4,2,4
21787759,HSP,11,4,0,4,7,4,1,5,4,0,-1,-1,6,4,5,3,6,7,4,5,4,6,3,4,7,1,2,5,6,5,4,4,4,3,4,5,4,5,3,3,4,4,3,4,2
21857740,HA,0,1,3,12,9,4,2,2,-9,-3,1,10,9,4,2,1,4,5,2,2,1,1,3,4,7,9,8,6,6,4,4,8,2,3,2,3,3,2,3,2,3,2,2,2,3
21797735,VD,3,0,4,10,8,7,3,2,-5,-7,1,8,7,5,5,4,5,2,5,1,4,5,2,7,7,3,7,3,6,4,2,6,3,3,2,3,4,3,2,3,3,3,4,3,4
21867780,HA,4,1,4,8,10,5,2,3,-6,-4,2,5,8,6,7,4,5,1,4,1,4,6,3,4,5,8,7,1,3,4,4,5,2,2,2,2,4,2,3,3,2,3,4,3,3
21837713,HA,9,2,2,6,3,11,5,1,6,-9,-3,5,4,3,1,6,4,4,4,5,4,1,6,5,7,5,6,6,4,5,2,8,4,2,4,3,3,4,3,2,4,2,4,3,4
21797751,HD,11,4,0,4,6,4,2,5,5,0,-2,-1,5,7,6,7,7,4,2,6,2,6,5,3,6,1,3,8,3,5,2,2,2,1,4,2,4,4,3,3,3,4,3,3,2
21847740,HA,5,2,1,5,7,3,3,4,-2,-1,-2,1,5,2,2,4,4,8,5,5,1,8,4,3,5,1,1,8,6,7,5,6,1,2,2,1,3,3,3,2,2,1,1,3,2
21807738,HRP,9,2,1,5,6,8,2,3,3,-6,-1,2,7,8,6,8,6,5,3,0,4,1,7,2,6,5,5,7,4,8,2,3,4,1,3,1,4,4,2,2,3,3,5,4,4
21757705,HA,2,2,7,4,8,5,2,3,-6,-3,5,1,7,7,5,3,2,1,5,2,3,8,5,4,6,3,5,8,5,3,3,5,3,3,1,2,3,3,3,3,3,3,4,3,3
21787755,HA,0,3,4,10,12,5,2,2,-12,-2,2,8,3,6,2,2,4,4,2,5,4,6,6,8,4,6,7,6,3,3,5,4,4,3,2,3,3,4,2,3,3,2,3,2,4
21817747,Dn,3,1,5,9,6,11,3,0,-3,-10,2,9,4,6,7,4,4,2,8,5,6,2,1,7,5,6,3,4,4,4,4,4,3,3,2,4,4,5,2,2,4,3,4,2,3
21797701,HA,8,3,2,4,7,3,2,4,1,0,0,0,6,6,8,6,1,6,1,2,5,5,3,3,4,5,8,8,2,3,5,3,2,2,4,2,3,2,2,3,2,4,4,4,3
21797721,HA,10,1,4,4,5,6,3,5,5,-5,1,-1,6,7,5,7,7,5,4,4,6,1,4,3,8,1,4,5,4,4,3,2,3,2,3,3,4,4,3,2,4,4,3,3,3
21827725,HD,7,7,2,1,7,3,2,6,0,4,0,-5,8,5,6,6,7,6,3,8,2,5,2,6,4,1,5,6,2,5,2,1,4,3,3,3,3,5,4,3,5,3,3,3,2
21817736,HA,3,0,6,7,10,8,1,1,-7,-8,5,6,8,5,6,1,3,3,3,1,5,3,4,5,6,9,8,2,6,1,4,7,4,2,1,4,4,4,3,3,4,3,3,3,3
21837701,HA,5,0,3,7,4,8,3,1,1,-8,0,6,7,6,3,5,8,4,5,3,1,2,5,3,7,2,4,6,7,2,4,6,3,3,3,4,4,3,3,2,4,3,4,4,3
21837752,HRP,7,2,4,5,5,10,2,3,2,-8,2,2,8,8,8,5,5,2,3,3,3,0,2,4,7,8,6,2,3,3,5,5,3,2,2,3,4,3,3,2,3,3,4,3,4
21847706,HA,10,4,0,4,6,7,3,3,4,-3,-3,1,7,6,4,6,6,8,3,6,3,2,2,5,2,5,4,7,3,4,3,4,2,2,4,3,4,4,3,2,3,3,4,4,3
21847775,HRP,5,0,4,8,8,4,2,4,-3,-4,2,4,9,5,7,4,5,5,5,1,2,2,2,3,6,6,6,5,5,2,4,6,2,3,2,5,4,4,2,2,4,3,4,3,4
21847712,HA,11,3,2,3,6,4,6,5,5,-1,-4,-2,7,8,5,7,8,6,2,3,3,2,3,4,5,6,2,6,4,2,2,5,3,3,4,3,3,3,3,2,3,3,3,4,2
21857733,HA,5,4,5,5,6,5,4,6,-1,-1,1,-1,6,4,4,5,5,6,6,4,2,7,5,5,2,2,7,4,2,6,3,5,4,3,2,4,3,2,4,3,3,2,3,3,3
21847712,HA,7,2,3,5,3,6,6,3,4,-4,-3,2,6,6,5,6,5,7,3,2,5,3,3,3,7,2,4,8,5,4,5,1,3,1,4,4,4,4,2,2,4,3,3,4,3
21857746,HD,3,4,7,5,7,6,4,3,-4,-2,3,2,5,7,6,5,6,3,1,7,3,1,5,5,6,5,6,5,4,6,5,3,3,2,3,4,3,2,3,2,2,3,4,2,4
21857790,HSP,2,1,2,9,10,5,2,2,-8,-4,0,7,8,1,6,6,3,7,6,1,2,5,6,6,4,6,5,4,4,4,2,4,4,3,2,5,4,5,3,3,5,2,4,3,4
21857704,HA,8,6,2,3,6,5,4,5,2,1,-2,-2,8,4,6,7,7,5,6,5,2,2,4,3,6,3,5,4,2,5,3,3,3,3,4,2,3,4,4,2,3,4,4,3,3
21867764,HD,1,4,11,3,12,4,0,4,-11,0,11,-1,7,2,3,5,4,1,2,6,4,7,4,6,5,7,6,4,4,2,4,7,3,3,4,4,3,3,4,4,4,2,3,2,3
21867792,HA,3,8,5,2,5,4,4,5,-2,4,1,-3,4,8,7,6,5,2,5,1,4,7,3,9,4,4,5,9,3,1,2,3,3,3,3,5,3,4,3,4,4,3,3,2,2
21777743,VD,12,2,0,6,6,6,4,3,6,-4,-4,3,5,7,7,8,8,6,4,5,4,4,4,3,4,5,1,3,1,3,3,5,4,2,4,5,4,5,3,2,5,3,3,4,3
21867710,HA,2,4,10,5,10,5,1,4,-8,-1,9,1,5,4,3,1,6,3,6,5,2,7,6,6,4,4,7,4,4,4,3,6,3,3,1,3,3,3,3,3,2,2,3,2,3
21867725,HA,0,6,4,3,9,4,4,2,-9,2,0,1,7,5,1,2,2,3,2,4,3,8,4,7,5,7,6,7,3,5,6,3,4,3,2,4,3,3,3,3,3,2,4,3,3
21877748,HA,8,2,2,6,3,6,7,2,5,-4,-5,4,9,5,6,6,4,5,0,2,3,4,4,5,7,5,8,4,3,3,2,5,3,2,4,3,3,2,3,2,3,3,4,4,3
21887705,HA,4,0,2,9,3,11,3,3,1,-11,-1,6,7,7,7,4,6,4,6,2,0,0,3,3,7,6,6,5,3,7,2,5,4,2,3,4,4,4,2,1,3,3,4,4,3
21847771,HSP,3,0,5,7,9,9,0,3,-6,-9,5,4,9,6,7,5,5,3,3,0,2,2,1,5,8,7,5,5,6,7,4,6,3,3,2,3,4,4,3,2,3,3,4,2,4
21667723,HA,8,5,3,4,4,3,7,5,4,2,-4,-1,5,3,6,8,6,6,5,6,5,5,1,4,5,4,3,5,0,8,2,3,2,3,4,3,3,3,3,3,2,4,3,3,3
21777707,HA,5,7,3,4,8,4,6,3,-3,3,-3,1,3,4,6,7,6,5,5,1,3,8,6,5,5,3,4,5,3,3,3,5,4,3,3,3,3,4,4,3,3,3,3,3,3
21817753,HA,6,3,3,5,7,5,3,4,-1,-2,0,1,4,6,5,8,7,7,6,3,2,4,3,6,3,5,1,2,2,5,3,8,3,2,2,4,4,4,3,3,4,3,3,3,3
21777758,HA,6,4,1,4,6,5,3,6,0,-1,-2,-2,5,3,4,6,6,6,6,4,2,5,4,5,4,3,3,8,5,5,3,3,4,3,3,4,3,4,4,3,4,2,3,3,2
21867776,HA,3,3,6,6,11,7,1,2,-8,-4,5,4,6,5,5,2,1,4,5,1,5,5,2,7,2,8,8,5,5,2,6,6,4,3,1,4,4,4,2,3,4,3,3,3,3
21877793,HA,3,4,4,7,7,6,0,5,-4,-2,4,2,7,8,6,1,3,5,2,5,1,6,4,6,7,2,3,5,6,4,3,6,3,3,1,4,4,3,3,3,4,3,4,3,3
21637731,HA,4,4,4,8,5,5,6,4,-1,-1,-2,4,8,9,6,2,5,2,5,6,2,6,3,5,3,6,3,7,3,5,3,1,3,2,2,2,4,2,3,3,2,2,3,2,3
21687741,HA,1,0,5,11,13,7,0,1,-12,-7,5,10,9,6,6,3,7,3,2,4,3,2,2,0,5,7,8,3,5,5,5,5,3,3,2,5,4,4,2,2,4,3,4,2,3
21787746,HA,5,7,3,3,4,3,3,8,1,4,0,-5,7,7,5,6,4,4,5,3,3,6,4,1,5,3,2,5,4,4,5,7,3,3,4,2,3,3,3,3,2,3,3,3,2
21837726,HA,4,4,5,4,10,4,0,5,-6,0,5,-1,7,6,4,7,6,3,4,1,4,8,6,3,5,2,5,4,4,3,4,4,3,3,4,3,4,4,3,3,3,3,4,4,3
21797717,HD,2,0,4,10,8,10,1,1,-6,-10,3,9,8,4,6,3,4,3,5,3,3,1,2,4,8,7,7,5,4,3,4,6,4,3,2,3,4,4,3,2,4,3,4,2,4
21857722,HA,1,0,6,8,11,8,0,2,-10,-8,6,6,4,5,6,2,1,1,5,2,7,3,4,6,6,8,9,2,4,3,5,7,4,2,1,4,4,5,3,3,4,3,3,2,3
21867715,HA,3,0,4,9,8,5,4,2,-5,-5,0,7,6,3,3,6,7,5,5,2,4,1,4,4,7,6,7,2,3,2,7,6,2,2,3,3,3,3,3,2,3,2,3,3,4
21807702,HD,4,3,6,6,8,8,2,3,-4,-5,4,3,8,7,3,3,4,3,3,2,2,5,6,7,6,6,5,4,5,4,4,3,3,2,2,5,3,4,2,3,4,2,4,3,4
21867720,HA,1,5,8,2,12,1,1,4,-11,4,7,-2,8,5,3,2,3,5,5,2,3,8,4,6,2,3,4,5,9,2,6,5,3,4,3,3,3,3,4,3,3,2,4,3,3
21867758,HA,2,3,8,5,9,8,2,2,-7,-5,6,3,5,5,4,3,4,0,2,3,2,5,7,7,5,8,8,2,6,1,6,7,3,3,1,2,3,3,2,3,3,2,3,2,3
21867700,HA,5,2,5,6,8,4,2,4,-3,-2,3,2,7,8,7,5,4,5,4,0,2,5,3,4,6,4,5,4,3,3,6,5,4,3,2,4,4,3,3,3,3,3,4,3,4
21877776,HA,3,6,4,4,10,3,2,3,-7,3,2,1,6,7,5,5,1,2,4,5,3,7,3,5,1,4,3,8,7,3,2,9,3,2,2,3,3,4,4,3,3,3,3,3,2
21877783,HA,3,0,5,10,4,10,5,2,-1,-10,0,8,7,7,4,3,3,3,4,3,4,0,3,6,5,7,9,4,4,3,5,6,4,3,2,4,4,4,3,2,4,2,3,3,3
21657711,HA,3,5,5,2,10,6,1,3,-7,-1,4,-1,5,2,2,3,4,4,3,5,2,7,7,7,4,6,9,4,2,5,4,5,3,3,1,3,2,3,2,3,3,1,2,2,3
21697701,HA,4,8,3,2,8,1,3,5,-4,7,0,-3,5,6,5,4,6,5,4,7,2,6,6,5,5,1,2,5,5,4,4,3,3,3,3,4,3,3,4,4,3,3,3,3,1
21697710,HA,11,5,1,3,2,3,7,7,9,2,-6,-4,6,5,6,7,8,7,5,2,3,1,3,4,5,4,7,6,2,3,2,4,4,3,5,3,3,4,3,2,3,4,4,3,2
21707721,HA,6,1,3,7,5,7,4,4,1,-6,-1,3,6,6,5,7,5,3,2,5,3,5,3,7,3,5,7,5,2,3,3,5,1,2,4,3,4,3,2,2,3,3,4,4,3
21717752,HA,9,2,1,6,6,5,3,4,3,-3,-2,2,6,9,6,7,6,5,3,3,2,3,4,4,6,2,3,6,4,4,2,5,3,3,4,2,4,4,3,2,3,3,3,4,3
21727756,HA,2,1,5,8,9,4,0,4,-7,-3,5,4,6,7,5,1,3,4,1,4,3,7,4,6,7,7,4,4,3,4,4,6,3,3,1,3,4,5,3,3,4,3,4,3,4
21727763,HA,5,5,7,1,7,2,2,7,-2,3,5,-6,6,6,6,8,7,4,2,3,3,6,6,4,3,4,3,5,6,1,3,4,2,4,2,3,3,2,3,4,2,3,4,3,2
21747721,HA,2,4,6,4,9,6,2,3,-7,-2,4,1,8,2,4,3,6,3,5,2,1,6,4,6,8,6,6,5,4,4,3,4,4,3,2,2,3,4,3,3,3,2,3,2,3
21747731,HA,6,5,4,4,9,1,4,5,-3,4,0,-1,4,4,6,5,4,1,5,2,4,6,4,4,5,7,4,6,6,3,2,8,2,3,4,2,4,3,4,4,2,3,3,3,3
21757735,HA,1,3,9,4,15,3,0,2,-14,0,9,2,9,7,8,1,3,7,6,3,4,3,2,5,3,5,3,2,7,2,4,6,2,3,3,2,4,3,4,3,3,3,4,3,3
21767715,HA,7,5,3,2,8,3,3,5,-1,2,0,-3,6,7,5,7,8,7,4,2,1,2,4,6,4,6,2,5,4,1,3,6,3,3,5,3,3,5,4,2,2,4,3,3,2
21767720,HA,3,4,3,5,7,3,4,5,-4,1,-1,0,6,5,3,7,4,4,6,5,4,4,3,6,5,4,4,4,1,5,5,5,3,3,4,3,4,4,4,3,4,2,4,3,3
21777712,HA,4,2,4,8,7,6,1,5,-3,-4,3,3,6,3,3,9,7,4,4,0,3,5,3,6,7,2,7,6,4,2,4,5,3,3,2,3,3,2,3,3,2,2,3,2,3
21777723,HA,3,2,8,5,7,5,3,6,-4,-3,5,-1,7,5,4,0,1,1,4,4,2,7,5,7,6,6,9,4,3,2,5,8,3,3,1,2,3,2,3,3,2,2,3,3,3
21797729,HA,2,4,10,5,8,6,3,3,-6,-2,7,2,4,6,5,3,3,4,4,3,3,5,3,4,5,4,6,8,5,5,5,5,4,3,1,2,3,3,3,3,2,3,4,2,3
21857767,HA,5,3,2,9,7,3,10,2,-2,0,-8,7,6,6,5,5,6,1,5,1,1,5,2,5,8,4,6,5,4,4,5,7,1,3,4,1,4,3,4,3,2,3,4,3,3
21787707,HA,3,2,5,4,8,5,0,4,-5,-3,5,0,7,4,6,7,7,7,4,2,1,3,6,4,7,1,1,4,9,4,5,1,3,2,2,4,3,4,3,2,4,3,3,3,2
21867769,HA,5,7,3,2,4,3,3,8,1,4,0,-6,7,2,4,6,7,7,5,2,3,5,1,4,6,1,5,8,6,4,4,3,2,2,4,5,3,5,3,3,4,2,3,4,2
21877752,HA,7,2,4,5,6,6,4,3,1,-4,0,2,3,4,5,8,8,6,6,4,1,5,5,5,4,3,1,7,4,3,3,5,3,2,3,3,4,3,3,2,3,3,2,3,3
21697731,HSP,6,5,3,7,5,4,3,4,1,1,0,3,7,5,4,6,8,2,4,2,1,5,3,5,6,5,7,6,3,4,2,5,4,3,4,3,4,4,4,3,4,2,4,3,3
21787744,HA,1,2,5,6,7,7,0,4,-6,-5,5,2,8,5,4,3,2,3,9,2,5,6,4,2,7,6,2,4,2,3,6,7,4,3,1,4,3,4,3,3,4,2,3,3,3
21797720,HA,6,4,2,5,5,5,5,3,1,-1,-3,2,6,7,3,7,9,5,3,3,5,2,4,4,7,3,4,5,4,3,2,4,4,2,4,3,3,4,3,2,3,3,4,4,3
21797733,HA,3,2,4,10,7,9,2,1,-4,-7,2,9,5,4,3,4,7,7,4,2,4,5,3,8,4,5,8,6,2,4,3,2,3,2,2,5,3,5,2,3,4,2,3,2,4
21797754,HA,6,0,1,9,5,10,4,1,1,-10,-3,8,5,6,6,4,5,4,3,3,4,0,0,8,8,9,6,2,2,4,4,7,3,2,3,3,4,3,1,2,2,4,4,3,3
21807763,HD,4,4,2,5,7,6,2,5,-3,-2,0,0,8,4,4,5,7,6,3,1,4,5,5,3,6,8,5,5,2,6,3,4,2,3,4,3,3,5,4,4,4,2,3,3,3
21817774,HA,8,4,5,1,4,4,3,6,4,0,2,-5,7,7,5,8,9,8,5,3,4,2,2,2,4,1,3,4,4,4,2,4,2,3,3,2,3,4,3,3,3,3,3,3,2
21837715,HA,1,3,5,7,9,7,1,3,-8,-4,4,4,3,4,5,6,7,3,6,3,4,0,2,7,7,6,7,5,3,3,3,7,3,3,3,4,4,5,2,2,4,2,3,2,4
21837763,HA,10,3,1,4,0,6,10,0,10,-3,-9,4,6,8,7,5,7,2,3,6,2,0,4,0,8,6,5,8,2,5,2,4,4,1,4,5,4,4,2,2,4,3,4,3,3
21847708,HA,5,7,2,5,8,4,4,5,-3,3,-2,0,8,1,5,8,6,3,5,3,4,7,2,3,2,5,6,6,5,3,5,6,4,4,2,4,3,5,3,4,4,2,4,3,3
21807713,HA,8,2,2,7,6,5,3,5,2,-3,-1,2,7,6,4,4,7,5,4,4,0,5,5,5,6,5,2,5,4,4,2,6,3,2,3,2,4,3,3,2,3,3,4,4,3
21847759,HA,8,3,1,6,4,5,4,5,4,-2,-3,1,5,4,8,6,5,5,6,3,4,2,3,4,7,3,5,1,4,7,4,2,1,1,4,3,4,3,3,2,3,3,3,3,3
21867723,HA,8,2,2,7,6,5,3,4,2,-3,-1,3,7,6,7,9,8,8,5,2,3,3,3,4,3,2,4,6,3,7,2,3,2,2,3,2,4,4,3,2,3,4,4,4,3
21807743,HA,8,4,1,7,7,5,3,3,1,-1,-2,4,5,5,5,7,7,3,6,3,3,0,1,7,6,5,7,6,3,4,4,3,4,2,4,3,4,4,2,2,4,3,4,3,3
21807770,HA,1,2,8,8,8,8,2,2,-7,-6,6,6,5,4,3,2,1,2,0,2,4,5,5,7,9,8,7,1,6,3,7,9,2,1,1,2,3,2,2,3,2,2,3,2,3
21817706,HA,8,6,2,5,6,4,7,2,2,2,-5,3,8,8,6,6,5,3,2,4,3,5,5,3,4,7,3,6,3,2,1,6,3,4,4,3,4,3,3,3,3,4,3,3,3
21827712,HA,2,2,9,6,7,7,2,2,-5,-5,7,4,6,4,4,5,4,3,5,5,4,3,4,2,6,2,6,6,6,5,3,7,3,3,2,3,4,3,2,3,3,2,3,2,4
21827715,HA,7,3,3,7,7,6,3,3,0,-3,0,4,7,3,7,7,5,0,1,6,2,3,1,3,6,8,7,6,4,5,3,6,4,3,3,4,4,3,2,3,3,3,4,2,3
21827720,HA,5,1,2,8,6,8,2,3,-1,-7,0,5,4,3,5,5,5,6,2,0,2,1,6,4,8,7,8,3,5,6,2,8,4,2,2,2,3,3,3,2,3,2,3,2,3
21837761,HA,6,2,2,6,5,8,4,2,1,-6,-2,4,8,5,5,8,8,3,3,1,2,1,3,4,7,6,7,4,4,3,2,6,4,2,4,4,4,4,3,2,4,3,4,4,3
21847776,HA,4,4,5,3,8,3,2,4,-4,1,3,-1,5,5,3,1,2,5,6,6,5,9,4,6,2,2,5,6,4,6,6,2,3,3,3,3,3,3,4,3,3,2,3,3,3
21857743,HA,2,1,6,6,9,8,3,2,-7,-7,3,4,5,7,6,1,2,5,3,3,2,5,4,5,8,5,4,6,4,2,5,8,4,3,1,4,4,4,3,3,4,3,4,3,4
21857744,HA,0,12,5,0,4,2,3,6,-4,10,2,-6,3,5,2,2,4,2,5,6,7,9,3,7,4,5,2,7,5,5,3,4,3,4,2,2,2,3,3,3,3,2,2,2,2
21857775,HA,1,1,4,9,8,10,1,1,-7,-9,3,8,8,6,8,0,3,1,4,8,4,4,5,5,5,3,8,2,6,2,3,5,3,2,1,2,4,4,3,3,3,3,3,3,3
21857708,HA,5,7,3,1,4,2,6,6,1,5,-3,-5,6,6,5,3,8,4,6,5,2,7,3,6,1,3,2,6,8,5,3,2,1,2,4,1,4,2,4,3,2,4,3,3,2
21857796,HA,1,5,8,4,5,5,2,6,-4,0,6,-2,5,5,7,1,5,3,5,2,4,6,3,1,7,7,5,7,4,4,6,3,3,4,3,3,3,3,3,4,3,3,4,3,3
21867717,HA,1,8,5,2,9,6,2,2,-8,2,3,0,6,6,3,4,6,4,4,3,4,5,3,2,8,1,3,7,7,4,4,6,4,4,4,2,3,3,3,4,3,2,3,3,2
21867731,HA,4,4,3,5,10,4,3,3,-6,0,0,2,7,6,5,2,6,4,2,5,2,7,6,5,4,4,7,5,4,2,3,4,4,3,2,5,4,5,4,3,5,3,4,4,3
21867781,HA,4,0,10,5,7,7,2,4,-3,-7,8,1,4,6,7,2,5,3,4,2,7,6,0,4,8,4,5,2,5,4,5,7,3,3,1,3,3,3,2,3,3,3,4,2,3
21867798,HA,2,1,10,6,9,5,2,1,-7,-4,8,5,4,7,8,1,2,2,7,3,7,2,3,5,5,6,5,3,7,3,4,6,3,3,1,3,4,3,3,2,3,3,4,2,4
21877705,HA,6,1,5,6,7,8,2,2,-1,-7,3,4,6,2,5,5,5,6,6,1,6,4,1,6,2,6,9,3,4,3,5,5,3,3,2,4,4,3,2,3,4,2,3,3,3
21877746,HA,2,5,9,1,8,1,2,6,-6,4,7,-5,4,3,3,7,4,6,4,4,4,5,5,5,6,3,4,5,3,3,8,4,3,4,3,3,2,3,4,4,3,2,3,2,3
21887717,HD,1,3,9,4,9,6,2,3,-8,-3,7,1,4,3,2,3,6,4,3,4,3,7,5,5,1,6,6,3,8,2,8,7,4,3,2,5,3,3,4,3,4,2,3,2,3
21877747,HA,1,3,6,8,9,5,1,3,-8,-2,5,5,7,2,3,3,5,4,3,4,3,4,3,3,3,8,8,6,6,5,4,6,5,3,2,4,3,4,2,3,5,2,3,2,3
21877792,HA,3,4,7,5,7,7,2,2,-4,-3,5,3,7,8,6,6,3,3,5,2,2,6,3,5,4,0,7,7,4,3,4,5,3,3,2,3,4,3,3,3,3,3,3,2,3
21877795,HA,4,10,4,3,6,2,2,7,-2,8,2,-4,3,5,3,7,9,5,6,5,2,6,7,4,5,0,2,6,4,4,6,1,4,3,4,4,2,4,3,4,4,2,1,3,1
21887709,HA,3,0,7,9,6,6,6,0,-3,-6,1,9,8,5,5,0,3,3,6,2,3,1,4,1,8,7,8,3,5,5,5,8,5,2,1,4,4,5,2,2,5,3,3,3,3
21887777,HA,5,1,4,7,10,7,1,1,-5,-6,3,6,5,6,5,4,5,4,5,1,5,2,2,7,7,5,8,6,3,4,3,3,3,3,2,3,4,4,2,3,3,3,4,2,4
21687702,VD,6,3,5,5,6,9,2,2,0,-6,3,3,7,6,8,9,7,6,7,5,3,2,2,3,5,0,2,6,3,3,3,3,2,3,2,5,4,4,2,2,4,3,3,3,2
21687734,HRP,9,3,3,4,5,6,6,3,4,-3,-3,1,4,7,8,6,7,7,4,0,3,3,4,3,8,4,4,6,2,3,1,6,4,2,4,5,4,5,3,2,5,3,4,4,3
21897757,HA,4,3,4,8,11,5,1,2,-7,-2,3,6,7,5,7,2,3,6,5,7,1,2,5,7,3,6,5,4,4,4,2,5,3,3,2,5,4,4,2,2,4,3,4,3,4
21737715,HA,6,4,3,3,6,5,5,2,0,-1,-2,1,8,8,5,5,5,2,3,3,2,6,3,4,6,4,5,4,3,3,5,6,4,2,2,3,4,4,3,3,4,2,4,3,4
21737757,HA,3,3,3,8,6,7,3,3,-3,-4,0,5,6,5,5,3,8,2,1,4,3,6,4,1,6,7,7,7,4,3,2,6,3,3,2,2,4,2,2,3,2,3,4,3,4
21807716,HA,6,4,5,5,8,5,2,4,-2,-1,3,1,8,7,7,6,4,5,5,3,3,4,4,5,6,3,4,4,2,1,4,5,2,3,2,3,3,4,4,3,3,3,4,3,3
21817746,HA,4,7,4,3,6,3,4,6,-2,4,0,-3,3,6,4,6,3,2,2,1,8,5,4,7,6,2,7,3,8,3,5,5,3,4,3,2,2,2,3,3,2,3,3,2,2
21837750,HA,5,4,3,4,5,8,2,4,0,-4,1,0,2,2,6,3,3,3,4,3,4,6,3,6,7,4,7,5,6,5,4,7,4,3,1,4,3,4,3,3,4,2,3,2,3
21837760,HA,10,1,1,7,3,6,9,3,7,-5,-8,4,8,7,9,5,4,3,4,2,2,5,3,3,9,2,7,2,1,5,5,4,3,2,3,2,4,3,2,2,3,3,3,4,3
21857765,HA,7,0,1,7,5,6,8,1,2,-6,-7,6,4,6,6,8,6,6,5,2,2,3,1,7,3,7,5,7,0,4,3,5,3,3,3,3,4,2,2,2,2,4,4,4,3
21857784,HA,9,1,7,4,3,6,8,3,6,-5,-1,1,4,7,7,8,6,3,4,5,3,3,3,4,8,3,0,2,4,4,7,5,5,2,3,5,4,5,3,2,5,3,3,3,2
21867742,HA,6,2,7,2,5,3,3,7,1,-1,4,-5,8,4,4,5,7,6,9,4,3,1,0,4,6,3,4,6,3,4,7,5,3,3,3,3,3,5,2,2,3,3,3,3,3
21877772,HA,3,5,9,0,10,2,2,7,-7,3,7,-7,2,5,2,5,6,5,4,5,7,9,5,7,0,2,6,5,4,2,7,2,4,3,3,5,2,5,3,3,5,2,3,3,3
21887713,HA,3,0,1,12,12,5,2,1,-9,-5,-1,11,7,5,5,2,2,5,3,3,4,1,4,6,9,6,7,3,4,3,5,6,3,2,2,2,4,3,3,2,3,3,4,3,4
21887728,HA,2,3,7,6,10,6,2,0,-8,-3,5,6,9,7,5,3,3,6,2,1,6,2,2,5,4,7,9,4,4,3,4,4,3,3,2,3,3,4,3,2,3,3,3,3,3
21897759,HA,8,2,5,2,5,6,4,5,3,-4,1,-3,6,3,2,4,3,6,6,3,5,6,5,5,4,2,4,5,7,4,4,6,3,3,2,3,3,4,3,3,3,2,3,3,2
21757738,Dn,6,3,3,5,10,3,5,2,-4,0,-2,3,6,3,5,6,6,4,3,3,2,5,7,4,6,5,4,4,6,3,3,5,2,3,4,2,4,1,3,3,2,2,4,3,3
21757769,HA,5,5,4,4,4,4,7,5,1,1,-3,-1,5,6,7,8,7,7,4,3,2,6,4,5,4,3,3,6,1,3,4,2,2,2,2,2,3,1,4,4,1,3,4,4,2
21877709,HA,10,3,2,3,2,4,7,8,8,-1,-5,-5,7,5,3,7,1,6,6,2,5,7,3,6,6,1,3,7,2,6,3,4,3,2,3,2,3,3,3,3,3,3,3,4,2
21677702,HA,5,2,3,7,5,7,1,3,0,-5,2,4,7,3,6,7,5,4,3,2,2,2,6,2,7,7,6,4,4,5,2,6,2,3,3,3,4,2,2,2,2,3,4,2,4
21617701,HA,2,9,7,1,8,0,3,5,-6,9,4,-4,4,7,3,4,7,1,3,7,4,8,4,5,4,1,3,3,7,4,6,5,3,4,3,3,2,3,4,3,3,2,2,2,1
21697706,HA,5,7,5,3,5,5,2,7,0,2,3,-4,5,8,8,6,5,4,4,6,1,7,2,5,4,1,3,6,2,4,3,6,2,4,3,2,3,3,3,3,2,2,2,2,2
21717704,HA,6,5,4,4,3,8,5,5,3,-3,-1,-1,2,2,5,9,8,6,2,6,1,5,6,5,3,5,4,6,3,4,2,6,2,4,2,2,2,1,4,3,2,2,3,3,3
21757705,HA,7,1,2,6,7,6,5,5,0,-5,-3,1,7,6,9,7,6,6,2,3,2,1,3,5,5,7,6,5,2,2,1,5,4,2,3,3,4,3,3,2,3,3,4,4,4
21917733,HA,6,7,5,2,5,2,5,5,1,5,0,-3,3,7,4,6,5,4,5,0,4,8,4,7,5,5,3,8,2,3,4,3,3,3,4,3,3,3,3,3,3,3,3,3,3
21657703,HA,2,6,3,4,9,3,2,3,-7,3,1,1,5,5,5,8,8,2,3,5,1,2,4,7,7,3,6,6,4,3,3,3,2,3,3,3,3,5,3,3,4,3,4,3,3
21747704,HA,3,3,5,6,11,4,0,4,-8,-1,5,2,6,2,5,4,2,4,3,1,1,7,4,6,5,9,5,6,5,6,3,6,2,4,1,1,3,5,3,3,3,2,3,2,3
21637721,HA,9,7,1,1,0,2,5,10,9,5,-4,-9,4,6,4,7,7,9,6,5,5,4,4,4,4,2,1,6,1,6,5,0,4,3,4,4,3,3,4,3,3,4,2,3,2
21787733,VD,2,5,10,4,8,5,2,4,-6,0,8,0,2,4,3,4,6,4,3,9,3,6,5,6,4,0,3,5,8,2,7,6,3,3,4,5,3,5,4,4,5,2,2,3,2
21647715,HA,5,2,3,4,7,3,2,6,-2,-1,1,-2,7,3,4,4,5,3,6,4,3,3,5,4,4,7,8,3,3,3,4,7,2,2,2,3,4,3,3,2,3,2,3,3,3
21657725,HA,4,5,5,3,10,4,2,6,-6,1,3,-3,7,4,3,5,7,6,2,4,0,4,2,6,3,3,8,6,6,5,2,7,3,4,3,3,2,4,3,3,3,2,3,3,2
21677744,HA,6,5,3,3,7,3,3,4,-1,2,0,-1,7,3,5,5,7,9,5,4,3,3,3,3,5,4,3,7,4,3,4,3,3,4,3,3,3,3,4,4,3,2,3,3,2
21787754,HA,0,5,11,2,8,5,0,5,-8,0,11,-3,1,0,3,3,5,8,4,5,3,7,4,6,3,1,6,5,8,5,6,7,4,4,2,5,2,5,3,3,4,1,2,2,2
21787767,HSP,9,2,1,5,6,5,3,5,3,-3,-2,0,6,5,4,7,8,7,3,3,2,3,5,4,6,5,5,5,1,3,3,5,4,2,5,2,3,3,3,2,3,3,4,3,4
21797708,VD,6,6,1,2,7,3,4,4,-1,3,-3,-2,3,4,5,5,6,8,4,2,3,7,8,5,4,4,5,7,2,2,4,2,3,3,3,1,3,4,3,3,3,2,3,3,3
21677727,HA,3,5,4,6,5,4,6,2,-2,1,-2,4,7,5,7,3,6,1,3,4,1,6,3,5,6,5,7,4,5,2,5,5,3,3,3,1,4,3,4,3,2,3,4,3,3
21687720,HA,2,7,4,3,6,4,6,4,-4,3,-2,-1,3,6,3,3,6,3,3,3,4,9,7,6,5,5,4,4,4,7,3,2,3,3,2,4,3,4,3,3,4,2,3,3,3
21647732,HA,4,5,8,2,8,3,1,5,-4,2,7,-3,5,6,7,3,4,6,1,5,0,7,6,7,4,5,1,4,7,4,3,5,3,4,2,4,3,4,3,3,4,3,4,3,2
21687727,HA,5,4,3,4,6,5,3,3,-1,-1,0,1,8,3,5,8,7,6,4,2,1,5,2,7,6,5,2,5,4,6,2,5,2,3,2,2,4,5,2,3,4,2,3,3,3
21707735,HA,4,2,7,3,9,8,1,3,-5,-6,6,0,7,7,4,0,2,4,6,5,3,5,7,6,7,5,2,1,4,5,3,7,3,2,1,3,3,3,3,3,2,2,3,3,3
21697722,HA,5,2,2,7,7,4,6,3,-2,-2,-4,4,7,4,4,5,6,2,1,4,2,5,3,3,8,6,7,7,3,6,3,4,3,2,3,5,3,5,2,2,5,2,3,3,4
21727752,HA,2,1,4,10,8,6,4,0,-6,-5,0,10,2,4,7,5,6,7,7,5,6,2,1,3,6,4,5,6,0,5,3,6,3,3,3,4,4,3,2,2,3,3,3,2,4
21737729,HA,1,4,7,3,10,5,1,4,-9,-1,6,-1,6,5,3,3,5,3,2,4,3,8,5,6,4,2,9,2,5,2,7,6,2,3,1,2,3,2,3,3,2,2,3,3,2
21747730,HA,5,6,3,5,4,6,3,6,1,0,0,-1,6,6,4,6,7,7,3,3,3,1,3,4,8,2,5,6,4,6,3,3,3,3,3,3,3,3,4,3,3,3,4,4,3
21757703,HA,8,3,1,4,4,7,4,5,4,-4,-3,-1,7,3,6,7,7,7,5,1,1,2,4,3,6,4,7,5,3,4,4,4,3,2,4,3,3,3,3,2,3,4,4,4,3
21757732,HA,8,8,1,1,2,4,4,7,6,4,-3,-6,6,3,6,9,9,8,6,2,3,6,4,2,3,2,4,7,2,4,2,2,3,3,4,3,3,4,3,3,3,4,3,3,2
21757734,HA,1,0,3,12,10,7,0,1,-9,-7,3,11,8,4,6,1,3,1,4,3,4,2,2,4,8,9,7,7,6,2,3,6,4,3,1,4,4,4,3,3,4,3,3,2,3
21697739,HA,5,4,1,7,5,4,3,6,0,0,-2,1,7,5,7,7,7,6,3,4,3,5,3,6,6,2,3,2,4,5,2,3,2,2,4,2,4,3,4,3,2,3,4,4,3
21707727,HA,6,4,6,4,6,4,5,3,0,0,1,1,6,4,3,7,6,6,3,5,4,2,4,5,4,7,5,3,2,4,3,7,2,3,3,3,3,3,4,3,3,2,3,3,3
21757736,HA,3,1,5,8,6,9,4,1,-3,-8,1,7,6,6,8,3,5,5,4,3,5,1,5,3,5,5,7,4,6,3,3,3,3,2,2,5,4,4,3,2,4,3,4,3,4
21767713,HA,5,3,5,5,7,5,2,2,-2,-2,3,3,8,5,7,6,4,4,5,4,4,4,5,6,6,4,2,3,5,1,2,5,2,3,3,1,4,2,3,3,1,3,3,3,3
21817775,HA,7,3,3,5,6,4,5,5,1,-1,-2,0,8,5,6,6,4,6,8,5,3,3,3,5,6,3,3,4,0,5,3,4,4,4,4,2,4,4,4,3,3,4,3,4,3
21687716,HA,9,1,2,4,6,3,3,4,3,-2,-1,0,7,7,6,2,3,3,3,6,3,3,2,5,7,5,6,8,3,4,2,5,1,2,3,2,3,3,3,2,2,4,5,3,4
21777728,HA,2,6,7,2,6,2,5,7,-4,4,2,-5,5,7,5,3,5,3,1,5,2,9,5,6,5,4,3,7,5,4,3,3,3,4,2,3,2,3,4,3,3,3,3,2,2
21637725,HA,10,3,0,4,2,3,4,8,8,0,-4,-4,2,5,6,8,9,8,4,4,4,5,3,3,5,0,2,8,4,7,3,0,3,2,4,4,3,3,2,3,3,4,2,3,1
21787711,HA,5,4,6,4,7,4,3,5,-2,0,3,-1,8,6,8,8,2,6,1,3,3,5,8,3,7,2,3,3,4,2,3,5,4,4,3,5,4,4,3,3,4,3,3,4,3
21777735,HA,4,2,2,7,6,7,3,5,-2,-5,-1,2,7,4,5,2,1,5,7,1,6,8,5,3,7,4,4,4,3,7,3,4,4,2,1,3,4,3,3,2,3,2,4,3,4
21827742,Dir,6,4,7,3,7,2,4,3,-1,2,3,0,8,3,6,8,4,6,5,1,3,4,6,4,2,9,4,5,3,1,3,5,2,4,4,3,3,2,4,3,3,3,3,3,3
21797739,HA,1,0,8,3,8,4,2,4,-7,-4,6,-1,8,4,5,4,1,6,2,3,2,9,5,3,8,2,3,5,4,5,3,9,2,3,1,4,3,5,3,3,4,2,3,3,3
21837734,HA,10,5,3,1,2,1,6,10,8,4,-3,-9,5,5,6,9,7,7,3,6,5,6,6,5,3,1,1,7,4,3,0,1,3,3,4,3,3,5,4,3,4,4,2,3,1
21777753,HA,2,5,5,3,10,5,3,4,-8,0,2,-1,4,3,5,4,5,2,0,4,4,5,4,6,6,8,7,3,6,4,5,5,3,3,4,5,3,4,4,4,4,2,3,3,3
21737728,HA,3,3,7,5,7,2,2,7,-4,1,5,-2,8,7,7,2,4,6,3,4,4,5,4,6,6,4,4,4,4,0,2,6,2,4,3,3,3,3,4,4,3,3,4,3,3
21757733,HA,5,5,5,2,7,4,3,7,-2,1,2,-5,6,1,6,7,9,6,5,1,2,5,3,4,5,4,3,4,8,6,3,2,3,3,3,1,3,4,3,3,3,2,3,3,2
21787703,HA,5,1,7,6,6,5,3,4,-1,-4,4,2,8,7,7,5,5,3,4,1,3,2,2,3,8,4,7,4,4,6,2,5,3,3,2,1,4,3,2,2,2,3,4,3,4
21817731,HA,9,1,0,6,8,6,4,2,1,-5,-4,4,8,3,5,8,6,6,6,4,4,2,2,2,6,0,6,7,4,5,2,4,4,2,3,4,4,4,2,2,4,3,3,4,3
21837738,HA,5,3,6,7,4,6,3,3,1,-3,3,4,8,7,4,5,6,1,4,1,5,4,2,2,7,5,6,4,5,4,4,6,4,3,3,3,4,3,2,2,4,3,4,3,4
21747751,HA,7,1,0,7,3,6,4,4,4,-5,-4,3,4,4,7,6,4,7,3,6,5,6,3,6,5,3,2,5,3,6,1,4,5,2,4,5,3,5,3,3,5,3,3,3,3
21787731,HA,7,6,0,5,7,6,3,3,0,0,-3,2,5,6,4,6,6,8,5,2,4,4,6,3,5,2,4,7,3,3,3,4,3,3,4,3,4,4,3,3,4,3,3,3,3
21787751,HA,2,9,3,4,7,3,3,4,-5,6,0,0,4,4,7,3,4,8,4,4,3,4,6,5,5,4,4,6,5,5,2,3,2,3,2,2,3,2,4,3,2,3,3,3,3
21797715,HA,0,3,10,5,12,6,0,2,-12,-3,10,3,7,7,5,1,2,2,4,1,3,6,8,4,8,9,5,3,2,7,4,7,2,3,1,5,3,4,3,3,4,3,3,3,3
21857764,HRP,4,6,5,3,6,8,2,7,-2,-2,3,-4,5,4,6,2,5,3,5,2,6,6,5,5,4,4,8,6,7,6,4,3,1,3,1,1,3,1,4,3,1,3,3,2,3
21797750,HA,4,1,8,5,8,7,4,0,-4,-6,4,5,7,7,6,0,3,7,6,2,3,3,5,4,7,3,5,3,5,5,3,6,4,3,1,4,4,3,3,3,4,3,4,3,4
21807729,HA,8,2,2,5,6,4,3,5,2,-2,-1,0,5,7,8,7,7,7,4,1,0,5,4,4,4,4,3,8,3,3,1,5,4,2,4,2,4,3,3,2,3,3,3,4,3
21877703,HA,8,1,2,8,7,5,3,3,1,-4,-1,5,5,9,7,6,5,5,4,1,7,3,3,3,5,4,6,5,2,5,4,2,4,2,4,4,4,5,2,2,5,3,3,3,3
21777768,HA,2,0,5,7,10,8,3,1,-8,-8,2,6,7,5,3,3,1,3,2,2,1,6,4,6,8,5,7,8,4,2,6,7,3,2,1,2,3,4,3,3,3,2,4,3,4
21667745,HA,3,2,9,4,7,7,2,3,-4,-5,7,1,6,4,5,4,5,3,0,4,1,7,3,4,8,8,5,4,2,6,5,6,2,3,2,2,3,3,3,3,2,2,4,2,3
21807708,HA,8,3,2,4,7,5,3,4,1,-2,-1,0,6,7,7,6,7,7,2,3,2,5,4,2,3,5,4,6,3,3,3,5,3,3,4,3,3,2,2,2,2,4,4,3,3
21807749,HA,5,0,2,9,3,8,5,3,2,-8,-3,6,7,6,8,5,4,3,2,6,3,1,2,2,7,4,7,6,4,6,3,4,3,2,3,2,4,4,2,2,3,3,4,4,3
21707734,HA,11,1,2,4,5,6,3,4,6,-5,-1,0,6,4,6,9,6,6,2,1,3,4,2,4,8,3,3,5,5,4,4,5,2,2,4,2,3,3,3,2,3,4,3,3,3
21737753,HA,1,6,5,6,9,7,1,3,-8,-1,4,3,8,7,6,6,6,6,3,6,6,2,1,7,7,2,2,2,4,4,3,2,4,2,3,4,4,4,2,2,4,3,3,3,3
21777710,HA,10,3,1,3,5,8,3,4,5,-5,-2,-1,5,7,7,5,6,4,4,5,1,4,3,3,6,4,4,8,2,5,1,6,4,2,4,3,3,4,2,2,3,4,4,3,3
21807714,HA,4,7,5,5,7,4,4,4,-3,3,1,1,4,7,4,9,7,2,4,2,4,6,8,7,5,4,3,3,3,2,2,4,3,3,2,3,3,3,3,4,3,3,3,3,2
21807737,HA,5,7,4,0,5,3,2,8,0,4,2,-8,7,4,4,7,5,6,6,3,3,8,4,6,3,0,4,5,4,3,3,5,3,4,3,3,3,3,4,3,3,2,2,3,1
21827703,HA,9,4,1,6,4,5,4,3,5,-1,-3,3,6,7,6,6,5,4,3,3,4,3,5,5,5,4,6,4,4,5,2,3,2,2,4,3,4,3,3,2,3,3,4,4,3
21847778,HA,1,3,9,5,10,3,4,0,-9,0,5,5,8,6,6,1,2,4,5,3,5,3,3,3,6,7,6,2,4,3,7,6,1,3,1,1,4,2,3,3,2,4,4,3,3
21787721,HA,7,5,4,2,5,2,6,6,2,3,-2,-4,5,7,5,8,3,4,2,7,2,7,3,6,4,1,2,6,3,5,7,3,2,3,3,2,3,3,4,3,3,4,3,3,2
21747703,HA,8,3,2,5,7,8,2,3,1,-5,0,2,7,5,7,8,6,4,4,3,4,5,2,3,4,2,6,4,4,4,4,4,2,3,2,4,4,3,2,3,3,4,4,3,4
21707726,HA,6,6,4,3,3,5,5,5,3,1,-1,-2,5,5,5,7,6,7,6,3,2,5,4,8,6,0,2,4,4,6,2,3,2,3,3,2,3,3,4,4,2,3,2,3,1
21667712,HA,6,2,3,7,7,6,3,4,-1,-4,0,3,7,8,8,6,8,7,4,2,3,2,3,2,6,4,5,5,1,3,1,5,2,3,3,4,4,3,2,2,3,2,4,3,4
21877753,Dir,10,3,2,3,4,3,2,7,6,0,0,-4,6,4,6,9,8,7,5,5,3,5,5,4,5,1,1,6,3,2,1,4,3,2,3,4,3,4,3,2,4,3,2,4,1
21677709,HA,6,9,3,1,4,2,5,7,2,7,-2,-6,3,5,3,6,5,6,4,5,3,3,3,7,4,2,5,8,5,7,3,3,4,3,4,2,3,4,3,3,3,4,3,3,3
21697729,HA,7,2,3,4,5,2,6,4,2,0,-3,0,6,7,4,7,6,7,4,4,2,5,3,3,5,2,3,8,1,8,3,2,3,1,4,4,4,4,2,2,4,3,3,4,3
21637712,HA,6,8,2,2,6,4,4,4,0,4,-2,-2,8,4,4,5,5,6,3,2,3,6,6,5,5,3,7,5,4,3,1,5,2,3,2,2,3,2,4,4,2,2,3,3,3
21747749,HA,0,2,6,10,4,10,2,0,-4,-8,4,10,7,3,4,3,6,6,4,1,1,1,2,4,7,7,8,7,5,5,3,6,2,2,2,3,4,5,3,2,4,2,3,3,3
21887714,SSP,3,7,4,2,4,4,5,5,-1,3,-1,-3,2,4,5,4,6,7,8,4,3,7,7,7,4,2,3,6,2,0,4,5,4,4,2,5,2,5,3,4,5,2,3,3,2
21737744,HA,4,2,4,7,7,8,3,2,-3,-6,1,5,8,9,5,3,4,1,1,2,4,7,4,3,5,7,5,6,5,2,2,7,4,3,2,3,3,3,3,3,3,2,4,2,4
21827719,HA,9,5,2,4,5,5,7,4,4,0,-5,0,4,3,7,8,6,7,5,1,2,2,4,6,6,7,5,7,1,6,1,2,5,3,4,5,3,4,3,2,4,4,3,3,3
21867790,HA,7,2,1,9,6,5,3,4,1,-3,-2,5,6,5,6,3,3,7,5,2,1,6,7,4,6,5,3,6,3,3,3,6,4,3,3,4,4,3,2,2,3,3,4,4,3
21647756,HA,1,3,9,4,8,4,2,3,-7,-1,7,1,5,7,5,2,7,2,2,3,2,7,5,5,6,5,3,3,8,1,5,7,1,3,2,1,3,3,4,3,2,3,4,2,3
21887776,HD,6,0,5,7,4,11,3,1,2,-11,2,6,9,6,7,5,6,2,3,2,2,0,2,3,8,9,7,5,3,3,2,6,4,3,3,4,4,4,2,2,4,4,4,3,3
21627717,HA,2,2,4,8,9,8,3,1,-7,-6,1,7,7,5,5,3,5,4,4,3,2,3,2,4,7,4,7,7,5,3,5,5,1,3,2,1,4,1,3,3,1,3,4,3,4
21667727,HA,8,1,3,6,4,6,8,4,4,-5,-5,2,7,4,3,4,3,7,4,1,3,2,3,6,8,6,6,5,3,4,7,4,5,2,3,5,4,5,3,2,5,2,3,4,3
21697721,HA,6,4,5,4,7,3,4,6,-1,1,1,-2,7,2,3,4,6,6,1,4,2,8,6,5,5,6,4,5,5,4,3,4,1,3,4,3,3,2,4,3,2,2,3,4,3
21737758,HA,3,3,6,6,11,5,2,1,-8,-2,4,5,7,4,3,3,7,3,0,3,1,7,5,3,9,7,4,5,5,5,2,7,2,3,2,5,3,4,3,3,4,2,3,2,4
21787701,HA,2,5,9,3,9,5,0,4,-7,0,9,-1,1,5,5,5,5,3,4,6,3,8,8,7,3,1,3,2,7,2,8,4,2,3,4,1,4,4,3,3,3,3,3,3,2
21597711,HA,4,4,5,5,6,4,3,6,-2,0,2,-1,7,3,2,5,6,4,2,5,1,3,5,4,6,5,7,4,5,4,4,8,2,3,4,1,3,4,4,3,3,2,3,3,3
21637701,HA,5,4,4,5,10,5,3,1,-5,-1,1,4,8,6,5,7,6,4,3,3,3,4,3,4,6,4,6,4,2,5,3,4,1,3,3,2,4,2,3,3,1,3,4,3,4
21897758,HA,1,2,6,10,11,5,1,4,-10,-3,5,6,7,5,2,3,5,2,4,2,4,6,3,6,7,8,5,5,3,2,5,6,5,3,2,5,4,5,3,3,5,2,4,3,4
21857776,HA,0,3,10,3,11,4,1,5,-11,-1,9,-2,8,6,6,2,3,3,3,2,5,9,6,6,1,8,5,1,6,0,4,6,3,3,1,5,3,5,3,3,4,3,4,3,3
21797767,HA,8,2,0,8,6,6,5,3,2,-4,-5,5,5,4,7,6,6,6,3,3,4,7,5,4,6,2,6,6,2,2,3,3,3,2,4,4,3,5,3,3,4,3,3,3,3
21667710,HA,7,6,1,3,9,3,2,5,-2,3,-1,-2,3,4,4,8,6,7,3,4,2,6,6,6,4,1,2,5,6,2,8,3,2,3,2,2,3,3,4,4,2,2,2,3,2
21667702,HA,10,6,1,1,2,3,6,6,8,3,-5,-5,5,6,6,9,8,6,4,6,1,4,5,5,5,2,1,7,2,5,1,2,3,2,4,4,3,4,3,2,4,5,3,4,1
21677726,HA,8,3,2,5,8,3,3,5,0,0,-1,0,5,4,6,8,6,7,5,4,2,5,4,3,6,1,3,4,2,6,6,3,3,2,3,2,4,2,3,2,2,3,2,3,2
21687705,HA,8,1,2,7,7,6,1,3,1,-5,1,4,7,5,5,7,6,4,3,2,2,3,4,3,5,7,7,5,2,3,4,6,3,3,3,4,4,3,3,2,3,4,4,3,4
21717711,HA,5,5,5,3,4,4,7,3,1,1,-2,0,5,3,3,3,7,6,1,7,5,2,3,5,4,8,5,4,6,6,3,4,1,4,3,2,2,1,4,3,1,2,3,2,2
21757722,HA,7,6,0,4,6,6,3,6,1,0,-3,-2,5,5,5,7,7,7,2,5,1,3,4,5,5,4,4,7,3,3,3,5,5,4,3,5,3,5,4,2,5,4,4,3,3
21907727,HA,5,1,3,10,9,8,1,2,-4,-7,2,8,8,6,6,1,3,1,4,2,5,3,3,4,8,9,7,3,4,4,3,6,3,3,1,3,4,4,3,3,4,3,4,3,3
21957708,HA,3,5,4,5,8,4,4,4,-5,1,0,1,8,6,5,1,5,5,5,4,3,5,5,4,6,4,3,2,6,3,6,4,4,3,2,5,4,5,4,3,5,3,3,3,3
21847721,HA,3,2,6,6,10,5,1,2,-7,-3,5,4,6,6,6,1,2,3,3,1,4,2,3,6,9,6,8,3,6,2,5,8,4,2,1,5,4,4,3,3,4,3,4,3,3
21807721,HD,2,3,14,2,13,4,2,2,-11,-1,12,0,4,5,5,0,5,4,5,5,4,8,5,5,2,4,3,2,9,2,7,6,4,4,1,5,3,5,4,3,5,3,3,2,3
21707702,HA,4,1,3,8,10,5,3,2,-6,-4,0,6,9,4,6,3,4,0,3,6,2,6,3,3,7,9,5,4,2,5,3,6,3,3,2,3,3,2,2,3,2,3,3,2,3
21817755,HA,0,0,5,12,7,8,2,2,-7,-8,3,10,6,7,5,2,2,2,3,4,1,1,4,5,8,4,8,5,6,6,3,8,3,2,2,3,4,3,3,2,3,3,3,3,3
21827774,HA,2,13,3,1,6,2,3,6,-4,11,0,-5,7,7,6,5,6,3,3,3,3,7,4,7,2,4,4,6,7,2,1,3,3,4,3,2,3,2,3,3,2,3,4,3,2
21837707,HA,7,4,3,5,5,5,5,3,2,-1,-2,2,5,8,4,6,8,6,4,5,2,2,6,2,5,3,4,8,2,6,2,2,3,1,4,3,3,3,2,2,3,3,3,3,3
21857721,HA,4,5,4,2,10,3,4,2,-6,2,0,0,3,4,4,8,4,2,3,3,3,7,4,6,4,4,2,8,8,5,5,3,4,3,2,3,3,3,4,3,3,3,3,2,2
21897744,HA,9,6,1,2,2,2,8,4,7,4,-7,-2,7,5,5,6,2,7,3,5,4,5,6,4,7,0,1,8,6,3,4,2,3,2,4,4,3,4,3,3,4,4,2,4,2
21907718,HA,3,2,6,8,12,5,0,3,-9,-3,6,5,5,5,6,3,1,2,1,2,6,7,4,5,6,7,8,2,4,4,5,7,4,2,1,4,3,3,3,3,4,3,3,2,3
21907749,HA,5,2,6,5,6,5,5,4,-1,-3,1,1,4,5,7,6,6,4,7,4,3,5,6,6,3,2,6,5,3,4,2,2,3,2,3,3,4,3,3,3,4,3,4,2,4
21897717,HA,2,1,7,7,10,8,0,2,-8,-7,7,5,9,6,6,2,3,2,2,4,2,6,3,5,7,3,8,4,5,5,2,6,4,3,2,3,4,3,3,3,3,3,4,2,3
21837723,HA,5,2,4,5,4,5,5,2,1,-3,-1,3,5,6,6,3,7,1,5,2,3,3,4,3,6,8,6,6,5,7,4,5,3,2,3,2,4,3,3,2,3,4,4,3,3
21907728,HA,4,4,6,2,5,5,6,4,-1,-1,0,-2,7,5,3,9,7,6,5,1,2,8,7,4,2,2,5,4,2,5,3,3,4,3,3,4,3,4,3,3,4,2,4,3,2
21927743,HA,1,2,6,8,13,3,0,3,-12,-1,6,5,3,5,6,2,3,3,4,1,4,7,4,6,8,6,7,5,2,2,7,5,3,3,2,3,4,4,3,3,4,3,4,2,4
21847702,HA,5,1,9,5,6,7,3,3,-1,-6,6,2,8,4,6,7,5,4,3,6,4,5,4,3,4,3,6,5,3,2,2,6,1,3,2,1,3,2,3,3,2,3,4,2,3
21747705,HA,1,4,5,4,8,8,1,3,-7,-4,4,1,9,6,7,4,5,3,3,4,0,3,2,4,3,5,9,6,5,3,3,6,4,4,2,3,3,5,3,2,5,3,4,2,3
21787703,HA,4,3,2,5,8,5,2,6,-4,-2,0,-1,8,5,6,6,3,7,5,5,4,2,1,4,5,2,3,7,5,4,4,4,4,2,2,2,4,5,2,2,3,3,3,3,3
21807701,HA,5,3,5,6,5,5,4,6,0,-2,1,0,8,9,7,6,4,3,4,2,3,3,7,4,7,4,4,4,3,1,3,4,3,3,3,5,4,4,2,3,4,2,4,2,4
21847781,HA,10,2,1,6,4,6,8,4,6,-4,-7,2,7,5,7,6,8,6,3,0,4,2,3,1,8,7,6,3,2,6,2,4,5,2,4,4,4,5,2,2,4,3,4,4,3
21847702,HA,4,2,5,4,7,6,2,3,-3,-4,3,1,6,6,6,5,5,8,6,3,0,1,6,9,1,4,7,4,4,4,1,4,5,3,2,5,4,5,3,2,5,3,4,3,3
21887706,HA,4,5,4,5,9,2,5,6,-5,3,-1,-1,2,5,6,5,5,2,4,1,4,5,2,5,9,5,5,8,4,4,6,3,4,3,2,5,3,3,4,4,4,3,4,2,3
21887710,HA,9,4,1,5,3,6,6,3,6,-2,-5,2,9,8,6,9,7,3,3,4,2,5,3,3,4,6,1,5,2,3,2,5,3,2,3,3,3,5,2,2,5,3,2,3,2
21937707,HA,8,5,3,3,8,2,3,6,0,3,0,-3,8,5,5,5,4,7,4,4,2,5,5,4,8,1,2,6,4,2,4,5,5,4,3,5,3,5,4,3,5,3,3,3,1
21807735,HA,6,3,3,5,5,5,2,4,1,-2,1,1,5,5,9,6,5,6,4,3,2,3,4,5,5,5,5,4,3,4,3,4,4,3,3,4,4,3,3,2,3,3,4,3,4
21837704,HA,5,2,3,10,6,6,2,3,-1,-4,1,7,3,6,8,2,4,4,5,4,4,3,4,4,7,3,5,7,6,4,4,3,3,3,2,2,4,3,3,3,3,3,4,2,4
21867705,HA,8,2,1,5,4,5,5,4,4,-3,-4,1,8,6,5,8,7,3,2,1,2,3,2,4,7,5,7,8,3,4,1,4,5,2,3,5,4,5,3,2,5,3,4,4,3
21887701,HA,2,1,4,10,9,5,1,4,-7,-4,3,6,3,7,5,2,5,2,2,3,3,1,5,7,8,8,7,5,5,2,4,6,4,3,2,5,3,4,2,2,4,3,3,2,3
21867736,HA,13,3,3,3,5,6,3,2,8,-3,0,1,8,6,6,6,7,2,3,2,5,6,4,2,2,4,9,5,5,5,3,2,4,2,4,3,3,2,2,3,2,4,4,3,2
21867771,HA,2,3,8,5,7,8,3,3,-5,-5,5,2,3,3,6,4,6,2,1,5,5,5,1,5,7,8,6,4,4,5,4,6,5,3,2,2,3,5,3,3,4,3,3,2,3
21867773,HA,7,2,3,5,4,6,4,5,3,-4,-1,0,6,4,5,6,6,8,8,5,6,3,5,7,2,1,4,5,4,2,2,1,2,1,4,2,4,2,2,2,2,3,3,4,3
21877719,HA,0,4,11,1,7,4,0,6,-7,0,11,-5,3,5,4,2,3,3,4,8,2,9,7,7,2,4,1,5,7,6,3,9,5,3,2,5,2,4,2,3,4,2,2,2,2
21847735,HA,6,4,1,5,6,4,3,4,0,0,-2,1,8,3,3,5,4,8,4,3,3,4,1,8,2,6,8,2,2,4,4,2,4,2,3,1,3,2,3,3,2,2,3,3,3
21857773,HA,2,0,11,6,12,5,0,4,-10,-5,11,2,7,6,7,0,0,1,6,4,5,6,4,4,4,5,8,6,5,7,6,7,3,3,1,1,4,2,3,3,2,3,4,3,3
21867716,HA,10,0,1,6,5,4,9,2,5,-4,-8,4,5,4,7,6,6,6,4,2,3,2,3,4,8,6,6,5,1,4,3,5,4,2,4,3,4,5,3,2,5,3,3,3,3
21877716,HA,3,4,6,4,9,5,3,5,-6,-1,3,-1,6,4,5,8,9,5,6,3,5,4,4,4,6,0,6,6,3,6,1,5,3,4,2,3,3,5,3,3,4,2,3,3,3
21937729,HA,3,7,8,0,8,3,4,5,-5,4,4,-5,6,5,2,3,3,1,5,6,2,8,7,8,4,2,5,4,6,6,3,6,4,4,2,4,3,5,3,3,4,2,4,3,2
21877766,HD,9,1,2,6,3,7,6,2,6,-6,-4,4,9,7,5,4,4,7,5,1,4,1,5,4,8,3,4,6,5,4,0,4,5,2,3,5,4,5,3,2,5,3,4,4,3
21927707,HA,5,0,6,9,6,10,3,0,-1,-10,3,9,8,5,5,6,7,2,4,4,5,1,0,3,7,5,8,5,3,4,2,6,3,3,3,4,4,4,2,2,4,3,4,3,4
21937729,HA,4,2,3,6,6,4,4,4,-2,-2,-1,2,8,3,3,7,4,8,4,3,2,6,5,2,3,2,7,6,2,5,4,6,4,3,3,3,3,3,2,3,3,2,3,3,3
21817702,HA,7,6,3,3,6,6,3,3,1,0,0,0,6,7,6,4,7,2,0,4,3,8,4,5,5,5,4,4,6,8,2,6,1,3,4,2,3,3,4,3,2,4,4,3,3
21927704,HA,6,2,7,7,6,7,0,5,0,-5,7,2,5,7,4,5,7,2,4,4,3,0,3,5,8,5,4,4,6,4,4,6,3,3,2,2,3,3,3,2,2,2,3,2,3
21977701,HA,5,0,8,5,5,7,5,2,0,-7,3,3,8,1,4,4,3,4,6,3,3,5,5,7,4,6,7,3,5,8,3,5,5,3,2,3,3,4,2,3,4,2,3,2,4
21877791,HA,9,2,4,4,6,6,1,6,3,-4,3,-2,6,8,3,8,4,4,3,3,3,4,8,8,4,3,3,6,5,0,5,2,3,2,3,3,3,3,2,2,2,2,3,2,3
21977703,HA,6,3,5,2,4,4,9,4,2,-1,-4,-2,4,5,5,3,8,5,7,3,2,4,4,4,7,3,4,3,4,5,1,7,3,3,2,5,3,5,3,3,5,3,4,3,3
21207701,HA,1,3,3,9,6,7,3,1,-5,-4,0,8,9,8,6,0,3,5,6,5,0,3,2,4,5,6,5,5,2,4,4,8,3,2,1,4,4,5,3,2,4,3,3,2,4
21847708,HA,1,5,6,5,7,3,6,5,-6,2,0,0,7,7,8,4,4,2,6,2,4,6,4,4,5,4,5,1,4,3,4,6,2,3,2,1,4,2,4,4,2,3,4,3,3
21887721,HA,9,4,4,2,4,3,4,8,5,1,0,-6,8,7,3,7,6,6,5,6,4,4,2,2,3,2,3,6,2,5,3,7,2,2,4,3,3,4,3,3,4,3,3,3,2
21897712,HA,5,2,6,3,5,5,4,5,0,-3,2,-2,7,4,7,3,4,3,4,2,1,3,4,5,7,8,5,4,6,3,3,7,3,3,1,3,3,5,4,2,3,3,4,2,3
21887734,HA,11,2,3,1,5,6,2,5,6,-4,1,-4,8,3,7,8,5,6,5,2,2,4,4,4,6,1,5,5,5,3,2,6,4,3,3,5,3,5,3,2,4,3,3,3,2
21887743,HSP,8,0,3,7,3,7,5,3,5,-7,-2,4,5,4,7,6,6,4,4,3,3,1,5,4,7,7,6,5,3,7,4,5,4,2,4,2,4,3,3,2,2,3,3,3,3
21937703,HA,5,5,5,3,10,3,2,4,-5,2,3,-1,6,4,2,3,5,4,3,3,4,6,7,7,6,4,7,3,5,3,4,4,4,4,3,5,3,5,3,4,5,2,3,3,3
21887756,HA,1,3,5,6,5,10,4,2,-4,-7,1,4,3,7,7,5,7,1,3,5,4,4,5,6,3,3,9,3,5,1,5,4,3,3,3,3,4,4,3,3,3,3,3,2,3
21887762,HA,5,2,7,7,8,7,2,3,-3,-5,5,4,6,7,7,2,3,1,7,1,4,5,2,4,7,5,6,5,4,6,4,8,3,2,2,3,4,4,3,3,3,3,4,3,4
21887763,HA,1,8,2,2,7,5,5,4,-6,3,-3,-2,3,9,3,3,7,4,2,2,4,6,3,7,3,7,3,7,6,7,3,6,3,3,2,2,2,4,3,4,4,2,2,2,2
21937704,HA,6,0,5,8,7,7,2,3,-1,-7,3,5,7,7,8,0,4,4,2,5,2,4,4,8,3,6,9,4,5,2,4,2,5,2,2,5,4,5,2,3,5,3,3,3,3
21937717,HA,1,9,6,2,1,1,5,12,0,8,1,-10,7,6,5,2,2,5,4,5,1,9,7,6,3,0,6,8,5,2,2,5,3,4,2,3,3,2,3,3,2,3,4,3,2
21887778,HA,5,4,7,4,7,4,0,8,-2,0,7,-4,5,4,4,7,4,5,6,4,2,6,5,5,5,3,3,5,2,4,4,7,3,4,3,5,2,5,4,4,5,2,3,2,2
21947702,HA,3,5,7,4,4,7,5,4,-1,-2,2,0,8,5,6,5,5,6,3,2,3,5,2,5,6,3,4,6,6,4,3,3,4,3,4,2,4,4,4,3,3,3,4,3,3
21947722,HA,6,2,2,8,5,4,4,5,1,-2,-2,3,7,4,7,0,3,2,6,4,1,2,4,4,8,9,6,7,4,5,2,5,2,2,2,4,4,4,3,2,4,3,4,3,3
21947723,HA,1,0,5,10,9,8,1,2,-8,-8,4,8,6,5,5,3,3,6,3,1,2,2,6,7,6,8,8,4,3,2,2,8,4,2,2,2,4,5,2,2,4,3,3,3,3
21957704,HA,6,4,1,6,2,4,8,4,4,0,-7,2,6,2,4,4,8,9,4,2,5,3,1,2,5,7,5,6,4,6,3,4,4,2,4,5,3,5,2,3,5,2,3,3,3
21897745,HA,3,6,4,3,6,4,1,7,-3,2,3,-4,5,7,4,2,5,4,2,6,2,5,3,7,6,2,3,5,8,5,5,5,5,4,2,4,2,4,3,3,4,2,3,2,2
21957706,HA,2,5,5,5,7,5,2,5,-5,0,3,0,7,4,6,3,2,4,3,3,2,6,3,5,5,5,6,7,6,5,4,4,2,3,3,5,4,5,4,4,4,3,5,3,4
21957707,HA,4,4,4,6,6,6,3,4,-2,-2,1,2,5,5,2,5,6,5,5,1,3,3,6,6,7,1,6,8,7,4,2,3,5,2,3,4,3,4,3,3,3,2,3,3,3
21957709,HA,3,5,8,3,6,5,4,4,-3,0,4,-1,8,3,4,4,3,2,2,5,1,9,8,5,4,4,5,5,7,2,3,6,4,3,3,2,3,5,3,3,4,2,3,3,3
21957710,HA,5,1,5,6,8,5,3,3,-3,-4,2,3,7,8,6,3,5,3,4,5,4,5,4,3,3,3,6,2,5,6,4,4,4,3,2,2,4,3,3,3,3,3,4,2,4
21907719,HA,4,3,6,3,8,3,4,5,-4,0,2,-2,8,5,5,6,7,5,4,1,5,3,3,3,5,5,7,6,4,2,2,4,3,3,4,2,4,2,3,3,3,3,4,3,3
21907723,HA,5,2,7,6,7,9,1,4,-2,-7,6,2,8,1,3,3,5,8,1,6,3,5,2,5,5,4,7,4,5,7,5,7,4,3,1,5,2,3,3,3,4,1,3,3,3
21907728,HD,3,6,3,2,5,3,2,5,-2,3,1,-3,6,7,4,5,7,8,7,3,2,5,3,5,6,0,3,5,1,4,4,5,4,4,3,5,3,5,4,3,4,2,3,3,1
21957711,HA,6,6,4,3,6,6,3,5,0,0,1,-2,7,7,6,7,6,7,4,4,5,7,3,4,1,2,1,6,5,2,3,3,4,3,3,4,3,3,4,4,4,3,3,4,1
21957722,HA,3,2,9,4,5,8,6,3,-2,-6,3,1,8,5,5,3,3,8,5,1,1,4,3,6,4,7,4,6,4,4,4,5,3,3,1,1,3,3,3,2,3,3,4,3,3
21957725,HA,6,3,2,9,2,6,11,1,4,-3,-9,8,3,6,5,5,6,4,7,4,4,3,6,0,3,6,7,3,0,3,8,7,3,2,4,4,4,3,2,2,3,3,4,3,3
21967702,HA,7,0,1,9,3,11,5,1,4,-11,-4,8,7,8,6,6,5,5,4,2,5,2,4,3,6,4,5,5,3,2,4,4,5,2,4,5,4,5,3,2,5,3,4,4,3
21967703,HA,0,5,6,4,7,2,2,7,-7,3,4,-3,2,1,2,6,5,5,4,1,5,4,5,8,8,5,5,4,6,3,5,6,4,4,3,4,2,5,3,3,4,1,3,2,3
21917730,HA,9,7,3,2,6,2,3,7,3,5,0,-5,4,8,6,6,5,4,5,3,5,7,6,7,3,2,2,6,5,7,4,3,3,3,4,4,3,5,3,3,5,4,2,3,2
21927703,HA,4,6,2,6,8,5,2,4,-4,1,0,2,4,7,4,4,8,4,5,2,4,4,4,6,6,6,4,5,3,6,2,6,5,3,3,4,4,4,4,3,4,3,3,3,3
21967704,HA,1,5,5,4,9,3,1,6,-8,2,4,-2,8,4,4,2,0,6,6,2,2,8,6,5,6,2,4,7,5,2,4,7,4,3,3,2,3,5,4,3,3,2,3,3,3
21967705,HA,3,0,6,10,9,8,0,3,-6,-8,6,7,5,6,6,1,2,4,2,3,2,1,4,7,6,8,9,5,5,1,4,9,4,2,1,4,4,5,2,2,5,3,3,2,3
21927726,HA,1,3,10,3,8,4,3,4,-7,-1,7,-1,7,5,4,1,1,5,6,1,2,7,6,3,7,7,3,2,3,3,3,6,5,3,1,2,3,5,3,3,4,2,3,3,3
21967706,HA,2,5,5,4,6,4,4,4,-4,1,1,0,8,7,8,3,3,1,6,3,3,7,1,5,5,1,5,5,7,3,4,5,3,3,2,5,3,5,4,3,4,3,3,3,2
21967709,HA,4,3,4,2,6,4,2,6,-2,-1,2,-4,5,3,4,3,6,4,3,4,4,6,5,5,1,8,8,4,5,3,5,4,3,4,4,2,3,3,4,4,3,2,3,3,3
21967710,HA,1,2,7,5,10,7,2,2,-9,-5,5,3,7,5,5,4,5,2,1,2,3,6,5,8,6,7,8,1,4,2,3,6,4,3,2,2,4,5,2,3,3,3,3,3,3
21967727,HA,7,4,5,4,5,6,3,5,2,-2,2,-1,8,7,7,5,6,4,1,5,3,4,3,2,5,5,6,5,3,3,3,5,3,3,3,3,3,2,3,2,3,3,4,3,4
21967728,HA,4,1,5,6,7,5,2,4,-3,-4,3,2,6,8,6,3,3,0,3,4,2,5,7,4,5,6,7,3,4,2,5,7,4,3,2,1,4,3,2,3,2,3,4,2,4
21947704,HA,3,3,4,5,8,3,6,1,-5,0,-2,4,8,6,6,4,4,0,4,2,2,4,4,3,7,7,8,4,3,6,4,6,4,3,3,4,4,5,4,3,4,3,4,3,3
21967731,HA,5,3,3,8,4,6,5,3,1,-3,-2,5,6,8,7,3,0,5,5,2,5,3,3,4,7,3,5,4,4,2,6,8,4,2,2,3,4,5,3,2,4,3,4,4,3
21737740,Dir,10,4,6,2,4,3,4,6,6,1,2,-4,7,7,8,8,3,6,2,3,4,5,6,3,6,3,2,5,3,1,3,5,3,3,3,4,3,2,3,3,3,4,3,4,2
21737768,Dir,5,4,4,3,8,5,5,3,-3,-1,-1,0,8,3,4,7,2,6,2,6,2,7,5,4,3,5,2,7,4,5,4,4,4,3,2,5,3,5,3,3,5,2,3,3,3
21967733,HA,4,3,9,6,11,4,1,4,-7,-1,8,2,4,5,4,2,3,2,4,5,2,6,8,9,5,7,3,5,6,1,3,6,4,3,1,2,3,3,2,3,3,2,3,2,3
21967736,HA,1,4,10,4,11,3,1,4,-10,1,9,0,4,3,6,3,4,5,3,3,5,5,2,7,7,5,6,3,5,5,4,5,4,4,3,3,3,3,3,4,3,3,4,3,4
21977704,HA,3,4,4,2,9,4,3,3,-6,0,1,-1,6,6,5,7,3,1,8,5,4,7,3,8,3,3,1,5,4,2,3,6,5,3,4,4,4,5,3,4,5,3,3,3,2
21977705,HA,7,2,2,7,7,5,3,6,0,-3,-1,1,7,5,4,3,6,0,3,4,4,7,5,5,4,8,8,5,3,2,1,6,3,2,2,2,4,4,3,3,3,2,3,3,3
21977727,HA,3,0,2,7,6,6,3,3,-3,-6,-1,4,7,5,3,6,5,1,4,2,3,3,2,5,8,4,7,3,5,4,5,8,3,2,3,3,4,2,3,2,3,2,4,3,4
21977728,HA,6,6,2,3,5,5,4,5,1,1,-2,-2,4,7,6,5,6,4,5,4,2,7,6,3,5,5,2,7,1,6,1,4,2,3,3,3,3,4,4,4,3,3,3,3,2
21767760,HD,5,6,5,2,5,4,4,4,0,2,1,-2,6,4,3,7,7,6,2,4,2,6,6,4,3,5,5,6,3,4,1,6,3,4,3,2,2,2,4,4,2,2,4,3,3
21977730,HA,6,4,6,4,6,4,2,3,0,0,4,1,6,3,7,6,7,2,3,7,2,3,2,4,6,6,5,6,4,3,3,5,3,4,4,3,4,3,4,3,3,3,4,3,3
21977731,HA,5,5,4,3,5,3,8,5,0,2,-4,-2,8,8,5,6,5,7,3,5,3,6,8,4,5,1,2,2,2,4,5,1,3,2,3,3,3,4,4,4,3,2,3,3,1
21977732,HA,5,5,3,6,3,4,6,7,2,1,-3,-1,7,4,2,7,6,3,1,4,5,8,3,6,1,5,9,7,3,2,4,3,3,3,3,4,3,4,4,3,4,2,3,3,2
21977733,HA,3,3,4,4,8,7,1,2,-5,-4,3,2,7,9,4,1,4,4,1,7,3,3,4,7,4,7,5,4,4,4,2,6,3,3,2,3,3,4,2,3,4,2,3,2,4
21977734,HA,4,8,3,0,8,3,0,5,-4,5,3,-5,5,4,5,6,5,3,5,4,2,7,4,5,7,1,3,8,5,5,2,4,3,3,3,2,3,5,4,3,4,2,2,2,1
21977737,HA,2,2,3,9,4,7,4,2,-2,-5,-1,7,6,5,4,1,2,8,5,2,3,2,3,8,7,7,1,4,7,5,3,7,4,2,1,3,4,4,2,2,4,2,3,3,3
21987706,HA,5,3,4,6,5,9,4,1,0,-6,0,5,8,3,4,2,6,7,6,3,3,2,2,3,8,5,3,5,6,4,6,4,4,3,2,2,4,4,2,2,3,2,3,3,4
21987707,HA,5,1,5,5,7,5,3,5,-2,-4,2,0,6,8,6,6,4,3,3,1,2,1,6,7,9,4,3,5,7,2,2,5,3,3,2,2,3,1,3,2,1,3,3,2,3
21987732,HA,4,6,5,2,2,5,6,6,2,1,-1,-4,7,6,7,0,3,3,4,4,4,7,3,5,9,1,5,7,6,5,2,2,4,3,2,4,3,4,4,4,4,3,4,3,2
21987733,HA,4,2,4,6,2,8,5,5,2,-6,-1,1,6,8,7,2,0,5,5,3,2,6,5,6,3,5,4,5,4,3,6,5,4,2,2,4,4,4,3,3,3,3,4,4,3
21777701,Dir,5,5,2,6,9,4,3,2,-4,1,-1,4,7,8,6,3,2,5,2,6,3,4,4,2,8,3,3,7,3,3,4,7,4,3,3,5,4,5,3,3,5,3,4,3,3
21807703,HA,5,2,4,6,4,5,7,4,1,-3,-3,2,6,5,9,8,6,3,3,3,3,2,4,4,4,6,7,4,4,1,3,5,2,2,3,4,4,3,3,2,3,3,4,4,3
21987734,HA,6,0,2,7,6,9,3,2,0,-9,-1,5,7,4,6,4,2,1,3,2,3,5,5,7,6,9,8,2,3,3,4,6,4,3,2,3,4,5,2,2,4,3,3,3,3
21997701,HA,0,0,6,8,13,7,0,1,-13,-7,6,7,6,4,5,1,1,2,5,2,4,3,3,7,6,7,9,5,6,3,3,8,4,2,1,4,4,5,2,3,4,2,3,2,3
21997710,HA,1,3,8,5,11,4,2,2,-10,-1,6,3,2,5,6,0,0,7,7,3,7,5,4,5,3,4,5,6,6,3,5,7,4,3,1,3,3,4,4,3,3,3,4,3,3
21997711,HA,4,4,6,6,9,5,3,2,-5,-1,3,4,5,3,5,4,6,2,1,3,1,7,1,6,8,5,6,5,6,4,5,7,3,3,2,1,3,5,2,3,4,2,4,2,4
21777708,HA,3,2,6,8,5,3,6,5,-2,-1,0,3,8,6,6,2,4,4,3,5,4,6,3,3,5,5,8,5,1,3,4,5,3,3,2,2,4,3,2,3,2,3,4,3,4
21777729,HA,5,2,0,7,6,4,5,3,-1,-2,-5,4,9,9,6,1,4,3,4,4,3,7,3,3,4,7,2,6,4,4,2,5,3,3,2,2,4,2,2,2,2,2,3,3,3
21777734,HA,6,1,5,6,6,7,3,2,0,-6,2,4,6,6,5,5,4,6,5,3,2,7,5,6,1,5,6,4,1,5,5,3,1,2,2,2,4,1,3,3,1,3,4,3,4
21797742,HA,5,3,8,2,6,4,3,6,-1,-1,5,-4,7,4,5,4,6,3,6,3,3,7,3,6,5,6,6,4,1,3,2,6,2,3,2,1,3,1,3,3,1,2,4,2,3
21807758,HA,4,2,7,3,9,3,2,5,-5,-1,5,-2,7,5,6,2,1,3,5,0,4,6,8,5,7,8,5,2,4,3,2,7,2,3,1,3,4,3,3,3,3,3,4,3,3
21807764,HA,5,4,7,2,8,5,3,3,-3,-1,4,-1,8,7,6,3,4,3,1,6,0,9,7,5,4,4,2,3,6,3,4,5,3,3,1,2,3,3,3,2,3,3,3,3,3
21707709,HA,6,5,5,4,7,2,3,6,-1,3,2,-2,5,6,6,5,3,1,5,2,3,6,5,6,6,6,5,3,3,6,3,5,3,3,4,1,4,3,4,4,2,4,4,3,3
21707725,HA,2,4,8,4,6,4,5,3,-4,0,3,1,7,4,3,4,3,2,2,3,5,7,2,7,6,7,5,2,5,4,6,6,2,3,2,1,3,2,3,4,2,2,3,3,3
21717733,HA,2,3,9,2,7,5,4,4,-5,-2,5,-2,2,4,3,3,3,3,4,6,4,7,3,7,6,3,6,4,3,6,4,9,2,3,1,2,3,2,3,3,2,2,3,2,3
21717744,HA,6,2,2,4,6,6,3,3,0,-4,-1,1,7,5,5,6,5,5,2,3,0,3,3,6,3,5,7,5,6,3,5,6,3,2,3,2,4,2,3,2,2,3,4,3,4
21737711,HA,5,5,6,3,9,6,4,3,-4,-1,2,0,5,9,7,3,4,5,1,3,2,5,3,7,3,7,4,4,5,4,3,6,2,4,2,2,2,1,3,3,2,2,3,2,2
21737731,HA,3,4,8,2,10,5,2,4,-7,-1,6,-2,8,5,6,2,4,3,2,6,1,6,5,3,3,7,7,1,4,6,6,5,2,3,1,2,3,2,3,3,2,3,4,3,3
21737745,HA,1,3,6,4,7,2,4,3,-6,1,2,1,5,6,4,2,3,3,3,5,2,5,6,8,1,5,8,2,7,2,6,7,2,3,2,1,3,3,3,3,2,3,3,3,3
21937725,HA,8,2,3,3,5,5,5,3,3,-3,-2,0,7,8,3,8,5,6,1,5,4,6,6,2,4,1,3,6,3,2,4,6,3,3,3,2,2,4,2,3,3,2,2,4,2
21747715,HA,5,3,3,6,5,5,5,2,0,-2,-2,4,8,6,5,4,6,1,4,5,4,6,6,5,3,7,7,3,2,2,0,6,2,2,2,3,4,3,3,3,3,3,4,3,4
21747725,HA,5,2,5,6,6,8,2,2,-1,-6,3,4,6,4,4,4,2,5,3,2,8,8,3,6,3,7,2,1,7,3,5,7,3,2,2,3,3,3,3,2,2,2,3,3,3
21747740,HA,4,4,4,5,7,4,2,6,-3,0,2,-1,5,6,6,6,5,2,3,6,0,6,4,4,4,5,4,5,3,3,4,9,2,3,4,2,3,2,4,3,2,3,4,3,3
21747758,HA,2,3,10,4,7,4,5,5,-5,-1,5,-1,5,6,8,2,4,3,3,4,4,6,4,6,2,8,7,3,4,4,1,6,3,3,1,2,3,2,3,3,2,3,3,2,3
21757704,HA,0,3,10,4,9,5,2,3,-9,-2,8,1,6,5,5,3,3,5,1,5,3,6,4,7,3,4,7,6,6,3,4,4,3,3,1,2,3,4,3,3,3,3,4,3,3
21757726,HA,4,4,8,0,6,8,3,3,-2,-4,5,-3,4,6,5,6,6,5,3,5,5,5,3,6,3,5,2,4,5,4,3,5,1,3,2,2,3,2,3,3,2,3,3,3,3
21757748,HA,3,3,6,4,7,5,2,5,-4,-2,4,-1,7,8,5,2,3,5,2,2,1,4,6,5,3,8,8,5,3,5,2,6,3,3,1,2,3,3,3,2,2,2,3,3,3
21677701,Dir,8,4,0,4,7,3,4,5,1,1,-4,-1,5,6,8,5,6,5,3,2,1,8,8,4,6,1,3,5,6,3,2,3,2,2,4,4,4,3,2,2,3,4,3,4,2
21767731,HA,5,1,4,7,8,8,1,4,-3,-7,3,3,8,3,4,4,7,6,7,1,1,2,4,5,5,5,6,5,6,3,5,3,2,2,2,2,4,1,3,2,1,2,4,3,4
21777749,HA,6,2,5,5,8,5,2,4,-2,-3,3,1,6,4,6,7,8,4,2,4,3,4,6,2,5,5,7,5,3,8,2,6,1,3,3,1,3,1,3,3,1,3,4,2,3
21827760,HA,2,1,10,2,6,6,1,6,-4,-5,9,-4,8,7,5,4,3,3,2,9,4,6,5,4,2,5,3,4,4,3,4,5,3,3,1,2,3,3,3,3,2,3,4,3,3
21777771,HA,8,3,3,3,6,5,6,2,2,-2,-3,1,6,5,6,8,5,3,2,2,3,4,4,5,5,5,7,5,4,5,3,4,2,2,3,1,4,3,3,2,2,3,4,4,3
21687709,HA,5,5,5,4,7,4,3,4,-2,1,2,0,8,5,6,1,2,4,2,2,2,6,6,4,4,9,8,3,4,3,5,6,2,3,1,2,3,2,4,4,2,3,3,3,2
21717750,HA,2,3,8,5,10,5,2,3,-8,-2,6,2,9,3,6,2,3,4,2,5,5,5,2,5,3,9,7,3,5,2,3,7,2,3,1,2,3,2,3,3,2,3,3,2,3
21747707,HA,0,4,6,9,8,6,2,2,-8,-2,4,7,6,5,6,3,3,1,2,5,4,6,3,5,7,8,6,5,2,2,4,7,1,3,2,2,4,1,3,3,1,3,4,3,4
21767722,HA,6,2,7,3,1,7,4,5,5,-5,3,-2,6,5,3,4,6,5,5,5,5,8,2,5,4,3,4,4,2,3,6,5,2,3,3,2,3,1,3,2,1,3,4,3,3
21777767,HA,3,3,7,5,12,3,2,2,-9,0,5,3,6,4,5,1,2,4,6,4,4,5,5,5,3,7,6,5,5,4,3,6,2,3,1,2,4,1,4,4,1,3,4,3,3
21867702,HA,2,7,4,4,9,2,2,5,-7,5,2,-1,3,6,3,2,5,3,4,6,5,9,1,5,4,1,3,4,7,6,7,8,4,3,3,3,3,4,4,3,4,3,2,3,2
21877798,HA,4,1,5,8,5,10,4,4,-1,-9,1,4,5,8,7,3,5,3,4,3,4,2,2,5,6,5,7,4,4,5,3,5,3,3,2,1,4,3,3,3,2,3,3,2,4
21807728,HA,8,7,1,3,4,1,8,8,4,6,-7,-5,8,5,3,3,9,8,6,4,2,3,1,1,4,4,6,2,2,4,4,5,2,3,4,1,3,1,3,3,2,4,4,3,3
21847714,HA,1,5,7,2,11,2,2,5,-10,3,5,-3,3,5,4,3,4,3,5,5,4,9,7,6,7,3,2,3,3,6,3,5,2,4,2,4,2,3,3,3,3,2,3,2,2
21877722,HD,8,3,3,3,4,7,6,4,4,-4,-3,-1,4,7,5,7,7,7,6,2,5,3,4,7,4,4,3,5,2,3,2,3,4,2,4,5,3,5,2,2,5,4,3,3,3
21857745,HA,12,3,1,5,2,3,7,6,10,0,-6,-1,6,6,5,9,5,7,4,2,2,3,7,6,3,4,5,3,2,8,3,4,2,2,3,2,3,2,2,3,3,4,4,4,3
21757702,HA,2,3,7,4,7,2,2,5,-5,1,5,-1,6,7,7,2,4,6,3,6,0,4,6,4,7,4,3,6,3,3,2,7,3,4,3,3,3,2,4,3,2,3,3,3,3
21727705,HA,3,2,5,7,8,7,1,0,-5,-5,4,7,8,4,6,4,5,5,6,1,3,5,6,3,4,7,4,7,5,7,4,6,2,3,2,3,4,4,2,3,2,3,4,3,4
21857720,HA,7,2,8,3,7,4,2,5,0,-2,6,-2,6,2,4,9,7,7,5,2,4,3,7,4,4,3,5,6,5,3,2,2,3,3,2,3,3,3,3,3,3,2,3,3,3
21887727,HA,5,5,4,3,6,7,1,3,-1,-2,3,0,8,5,6,6,5,4,5,3,1,6,3,6,2,6,7,3,1,6,1,6,2,3,2,3,3,1,3,3,2,3,4,3,3
21697753,HA,5,3,6,6,5,9,2,2,0,-6,4,4,9,2,5,5,3,4,2,2,0,6,4,5,8,7,6,3,3,5,3,6,3,3,2,3,3,5,3,3,4,2,3,2,4
21747734,HA,5,6,5,3,6,5,2,5,-1,1,3,-2,8,7,4,7,5,7,1,6,3,6,5,2,3,2,3,5,3,6,5,6,3,4,4,2,3,2,3,4,2,2,3,3,3
21807718,HA,5,1,6,6,7,5,3,2,-2,-4,3,4,7,6,8,2,3,4,5,5,1,3,4,3,5,4,7,3,4,5,3,6,3,3,2,3,4,5,3,2,4,3,4,3,4
21827776,HA,4,7,6,2,5,7,3,4,-1,0,3,-2,6,3,4,2,7,2,3,5,2,8,3,9,5,5,8,4,4,7,2,5,2,4,4,4,3,5,3,3,5,2,3,3,3
21837742,HA,8,2,4,3,6,4,2,6,2,-2,2,-3,5,4,7,7,9,1,2,6,1,5,5,3,6,6,6,7,2,5,3,6,3,3,4,2,2,3,3,2,3,3,3,3,3
21847738,HA,8,4,4,2,6,3,6,5,2,1,-2,-3,5,4,6,4,4,5,6,2,3,3,5,6,5,5,8,6,3,6,5,5,2,3,4,2,3,3,3,3,2,4,3,3,2
21847754,HA,4,4,9,2,7,5,2,8,-3,-1,7,-6,3,6,3,5,8,7,6,5,4,6,4,4,3,1,2,6,4,6,5,8,3,3,2,4,3,3,3,3,3,2,2,3,2
21847773,HA,2,1,4,9,7,7,2,3,-5,-6,2,6,5,5,4,3,6,3,5,1,4,4,4,6,8,5,7,3,4,7,2,6,3,3,2,1,4,5,3,3,3,2,3,2,4
21857717,HA,3,5,5,2,8,7,1,2,-5,-2,4,0,4,5,9,2,2,5,9,4,3,3,6,5,6,5,5,3,1,6,4,3,3,3,1,2,3,2,3,3,2,2,4,3,4
21857748,HA,5,4,4,2,7,3,3,5,-2,1,1,-3,6,6,3,2,6,2,4,3,5,7,7,3,3,7,8,5,3,7,3,5,4,4,2,3,3,4,4,4,4,2,3,3,2
21927735,HA,4,5,5,5,6,5,5,3,-2,0,0,2,6,7,2,9,7,4,2,2,6,1,1,3,5,6,5,7,4,3,7,3,4,3,2,3,3,3,3,3,3,2,4,3,3
21857759,HA,6,3,7,3,7,4,3,4,-1,-1,4,-1,6,8,8,7,6,4,5,3,2,5,6,4,4,3,3,6,3,2,2,6,5,4,2,4,3,5,3,3,5,2,3,2,3
21867740,HA,7,6,3,2,5,4,4,6,2,2,-1,-4,8,6,5,5,6,5,4,4,4,3,5,3,3,5,6,4,4,7,2,6,3,3,4,1,3,2,4,3,2,4,4,3,3
21867763,HA,4,3,4,7,7,6,1,5,-3,-3,3,2,7,4,6,4,6,3,3,3,1,4,5,2,6,8,7,2,3,4,2,4,3,2,2,3,4,4,2,2,4,3,4,2,3
21937708,HA,2,6,6,3,9,3,1,3,-7,3,5,0,7,4,3,5,5,3,1,3,1,9,5,5,5,6,4,6,5,2,5,6,2,4,4,2,3,3,4,3,3,2,3,3,3
21867794,HA,2,6,6,4,9,6,1,3,-7,0,5,1,9,5,6,2,3,6,3,4,2,8,5,5,2,4,5,5,6,6,3,5,3,3,3,4,4,3,4,3,3,3,4,3,3
21877707,HA,7,2,2,8,10,5,2,4,-3,-3,0,4,8,4,6,3,2,6,2,2,5,6,3,5,5,5,9,4,3,5,3,4,4,3,2,3,4,5,3,3,4,3,3,3,3
21877729,HA,7,3,3,4,6,5,4,4,1,-2,-1,0,8,4,5,3,5,5,2,2,1,5,3,7,6,5,6,4,7,6,3,5,3,3,1,3,3,2,3,3,1,2,4,3,4
21877755,HA,3,4,5,5,6,9,0,1,-3,-5,5,4,5,5,7,5,6,4,2,4,1,1,4,4,5,6,8,0,5,8,5,3,4,2,3,4,4,3,3,2,3,3,3,2,3
21877756,HA,5,1,6,3,3,7,5,2,2,-6,1,1,7,3,5,4,5,4,4,3,4,7,4,5,6,2,7,1,5,7,3,2,5,1,2,5,4,4,3,3,4,3,3,3,3
21877761,HA,9,3,4,5,2,7,4,5,7,-4,0,0,4,7,7,6,4,7,5,5,3,3,5,3,4,4,3,7,1,2,4,6,2,3,4,2,3,1,3,3,1,4,3,3,2
21877764,HA,8,2,4,5,5,9,4,2,3,-7,0,3,6,5,6,9,8,4,2,2,2,4,2,5,3,7,6,6,3,7,4,7,4,3,3,5,4,3,3,3,4,3,4,3,3
21877778,HA,4,3,7,7,7,7,3,3,-3,-4,4,4,7,4,4,5,9,3,6,3,3,4,3,3,7,2,8,6,3,5,4,5,3,3,3,1,4,2,2,3,2,2,3,2,3
21877781,HA,0,1,10,4,13,4,1,1,-13,-3,9,3,6,6,4,1,1,1,4,3,4,8,8,5,3,8,7,4,4,2,3,8,3,3,1,3,3,3,3,3,3,3,3,3,3
21877786,HA,4,2,1,8,7,5,4,4,-3,-3,-3,4,6,7,8,6,7,4,7,1,4,2,3,6,7,5,5,4,1,4,1,2,3,2,3,3,4,4,3,2,4,3,4,3,4
21887701,HA,5,7,4,3,6,6,6,3,-1,1,-2,0,7,6,5,8,8,5,4,3,2,4,3,3,3,4,4,4,4,5,5,3,2,3,3,2,3,2,4,4,2,3,4,4,2
21887715,HA,3,1,5,7,5,8,4,1,-2,-7,1,6,7,5,5,4,5,7,4,6,3,4,3,8,3,2,5,4,5,7,3,4,4,3,2,2,4,5,2,3,4,3,4,3,4
21887767,HA,3,9,3,3,6,3,7,4,-3,6,-4,-1,6,7,4,7,4,4,1,4,5,7,1,6,4,6,1,2,4,5,3,5,4,3,3,2,3,4,3,4,4,2,3,3,2
21887773,HA,5,7,4,3,8,2,5,5,-3,5,-1,-2,4,7,6,3,4,7,5,3,3,5,2,5,3,4,4,3,4,6,4,8,2,3,2,1,3,2,4,3,2,3,4,3,3
21897707,HA,2,4,6,2,4,4,2,6,-2,0,4,-4,6,9,4,2,1,4,8,4,2,7,8,8,1,2,2,5,6,7,5,5,3,4,1,2,2,4,2,3,4,2,2,2,2
21897717,HA,2,7,4,4,9,6,2,1,-7,1,2,3,3,6,4,3,7,5,2,3,4,4,5,5,2,9,6,7,5,2,4,4,4,3,2,2,3,3,4,3,3,3,3,3,3
21897723,HA,4,2,4,5,5,5,5,3,-1,-3,-1,2,8,7,4,5,3,3,4,4,4,4,3,3,2,7,9,5,0,4,5,6,2,2,2,4,4,5,2,2,5,2,3,3,3
21897770,HA,2,3,9,3,10,2,3,5,-8,1,6,-2,7,6,4,2,5,2,4,6,5,4,2,6,3,5,7,5,6,7,4,6,4,4,3,4,3,5,4,3,4,3,4,4,3
21907734,HA,6,4,5,3,5,6,2,5,1,-2,3,-2,6,4,5,6,4,6,3,3,4,5,3,3,5,4,3,4,6,3,5,4,3,3,3,3,3,5,2,3,4,3,3,3,3
21907741,HA,5,1,2,8,10,7,2,1,-5,-6,0,7,6,8,3,5,6,4,6,1,1,4,2,7,5,7,4,4,1,4,4,8,2,2,3,3,4,3,2,2,3,2,3,2,4
21917702,HA,1,4,12,3,10,2,2,4,-9,2,10,-1,6,5,4,3,3,2,2,2,4,9,3,9,5,5,4,2,8,2,6,6,3,3,3,2,3,3,3,3,2,2,4,3,3
21917703,HA,7,2,4,4,5,7,1,7,2,-5,3,-3,7,5,5,5,5,0,4,5,2,4,6,5,7,4,8,2,3,7,1,5,5,2,3,5,3,5,3,3,5,3,3,3,2
21927704,HA,5,4,5,5,9,8,1,3,-4,-4,4,2,9,6,5,5,4,3,4,2,2,3,4,7,5,8,5,5,4,7,3,5,1,3,2,3,4,2,2,3,1,3,4,2,4
21927718,HA,3,3,6,3,8,4,1,3,-5,-1,5,0,7,6,3,2,1,2,3,6,4,7,3,5,5,6,3,8,5,5,2,7,3,3,1,4,3,4,3,3,4,2,4,3,3
21927729,HA,8,1,3,4,7,4,2,6,1,-3,1,-2,8,5,3,4,4,4,4,5,2,2,6,5,6,6,6,6,3,5,5,5,5,3,4,4,3,5,3,2,5,3,4,3,3
21927732,HA,1,2,15,3,9,5,1,4,-8,-3,14,-1,4,4,3,1,1,2,3,2,5,9,3,7,5,5,7,5,7,5,6,8,1,3,1,2,3,1,3,3,2,2,3,2,3
21927739,HA,4,3,7,3,7,5,2,3,-3,-2,5,0,9,6,6,2,6,2,3,4,2,7,4,4,4,7,6,3,4,1,4,6,3,3,2,3,3,3,3,3,3,3,4,2,3
21937704,HA,2,5,7,1,7,3,2,5,-5,2,5,-4,9,8,6,2,2,7,0,4,3,8,4,4,3,5,2,4,6,5,5,3,3,3,2,1,2,4,3,3,2,3,3,2,2
21937712,HA,1,1,11,2,10,4,2,1,-9,-3,9,1,8,9,6,4,4,1,2,3,3,3,2,5,5,6,6,4,6,5,2,6,5,3,2,3,3,5,3,3,4,2,4,2,3
21947706,HA,4,2,9,3,5,9,4,3,-1,-7,5,0,7,6,3,4,4,2,3,2,2,6,3,4,6,7,6,7,3,4,4,7,2,3,2,2,3,3,3,3,3,2,4,3,3
21907788,HA,0,4,5,9,8,9,2,2,-8,-5,3,7,8,5,7,2,4,2,4,2,2,3,5,4,8,6,7,4,6,7,3,5,4,3,2,5,4,5,3,3,5,3,4,3,4
21757701,HA,7,2,8,2,4,6,3,6,3,-4,5,-4,7,5,4,6,5,4,3,6,3,5,1,5,6,5,3,5,2,5,4,6,2,3,3,2,3,2,3,3,2,3,4,3,3
21917714,HA,3,1,4,9,5,11,2,1,-2,-10,2,8,5,7,7,2,6,3,4,3,5,1,0,3,7,5,8,8,5,1,4,6,3,3,2,4,4,3,2,2,3,3,4,2,4
21927723,HA,2,6,9,1,5,5,4,6,-3,1,5,-5,7,7,5,5,7,4,4,5,5,7,4,8,1,2,5,2,5,0,5,2,4,3,3,4,3,4,3,4,4,3,4,3,3
21927724,HA,1,3,12,2,5,5,5,6,-4,-2,7,-4,5,6,4,1,1,1,6,4,4,9,9,6,2,3,6,3,7,3,5,5,3,3,1,2,3,2,3,3,2,3,3,2,3
21927725,HA,9,2,4,4,7,8,3,2,2,-6,1,2,8,7,8,8,4,2,6,3,3,1,4,3,4,4,8,4,2,3,3,5,3,3,2,2,4,4,3,2,4,4,3,3,3
21927726,HA,7,1,0,10,2,14,1,2,5,-13,-1,8,8,8,5,5,6,5,2,3,3,2,2,0,9,2,5,6,4,6,3,6,3,3,4,4,3,4,2,2,4,3,4,4,3
21937723,HA,2,6,7,1,8,1,4,5,-6,5,3,-4,3,3,3,7,5,5,4,5,3,3,5,5,2,5,6,4,5,2,8,7,4,4,3,4,2,4,4,3,3,2,3,2,3
21937724,HA,5,3,2,5,2,6,6,3,3,-3,-4,2,8,3,5,5,6,9,5,4,3,5,3,4,5,2,5,5,2,4,3,4,4,2,4,4,4,3,3,2,3,3,4,3,3
21937726,HA,9,1,4,2,6,2,5,5,3,-1,-1,-3,2,2,3,8,8,7,5,5,6,8,6,5,3,0,2,5,5,7,3,0,4,1,4,3,2,3,3,2,3,2,1,3,1
21937727,HA,1,5,7,5,7,3,5,4,-6,2,2,1,7,4,4,4,6,0,4,2,3,5,5,6,5,9,7,4,5,1,3,6,4,3,2,3,4,3,4,3,3,3,3,3,3
21947714,HA,2,4,8,7,6,4,2,5,-4,0,6,2,7,4,5,3,6,2,2,3,2,7,3,7,3,7,6,3,8,4,3,5,3,3,4,2,4,2,3,3,2,2,4,3,3
21947719,HA,6,3,3,6,7,6,4,3,-1,-3,-1,3,7,5,5,7,4,5,4,6,3,2,5,6,4,5,6,3,1,3,4,5,3,2,3,3,4,2,3,2,3,3,4,3,4
21947720,HA,7,3,5,3,9,2,6,3,-2,1,-1,0,5,4,6,4,6,5,7,6,3,5,5,5,4,4,2,4,4,3,2,6,2,3,2,2,3,1,4,3,1,3,3,3,2
21957716,HA,4,3,6,2,8,5,4,4,-4,-2,2,-2,6,6,3,5,6,2,6,2,7,7,7,3,2,3,8,4,4,4,1,4,3,3,2,2,3,2,3,3,2,2,3,3,3
21717702,HA,1,2,6,8,11,6,2,2,-10,-4,4,6,6,6,6,3,4,1,1,5,3,6,3,6,6,8,6,5,3,5,3,6,2,3,2,4,4,3,3,3,3,3,4,3,4
21817704,HA,6,1,4,6,7,2,6,2,-1,-1,-2,4,8,8,8,4,2,4,5,4,4,4,2,3,1,5,8,7,2,3,4,4,3,2,2,2,4,3,2,2,2,2,4,3,4
21837713,HA,3,5,5,2,10,5,1,3,-7,0,4,-1,3,6,5,5,4,3,5,5,3,3,4,6,6,2,6,8,4,2,5,5,4,3,4,3,4,3,4,3,3,3,4,3,3
21877718,HA,4,2,7,4,4,3,3,5,0,-1,4,-1,6,7,7,7,6,5,4,2,3,3,3,6,5,4,6,5,2,6,2,5,3,3,2,2,3,3,3,3,2,3,4,3,3
21907724,HA,1,3,13,2,13,5,0,3,-12,-2,13,-1,7,3,6,2,4,1,3,6,4,8,4,8,4,5,5,2,8,2,4,4,4,3,1,4,3,3,3,3,4,3,5,2,4
21917734,HA,4,5,5,5,8,4,2,5,-4,1,3,0,6,4,3,4,5,3,4,1,5,7,7,6,1,7,9,5,5,1,2,5,4,3,4,3,3,2,3,4,3,2,3,3,3
21927706,HA,5,3,6,6,4,7,3,4,1,-4,3,2,7,8,6,8,5,3,1,5,1,5,3,6,1,6,5,6,3,4,2,5,4,3,2,3,4,4,3,2,3,4,4,3,4
21927726,HA,3,2,7,5,7,4,3,5,-4,-2,4,0,9,4,6,3,3,1,3,4,3,8,4,5,7,3,7,5,5,8,5,5,5,3,1,5,3,5,4,3,5,3,3,2,3
21937702,HA,5,5,3,3,5,4,6,5,0,1,-3,-2,7,8,7,2,2,5,4,4,1,5,3,5,5,2,3,8,7,3,6,3,3,3,2,2,3,3,4,4,2,3,4,3,2
21707723,HA,8,3,3,5,5,6,5,3,3,-3,-2,2,5,2,4,8,4,4,4,0,2,4,1,5,7,8,5,7,3,4,7,6,1,2,3,2,3,1,3,2,1,2,3,3,3
21937703,HA,5,1,5,8,5,7,3,2,0,-6,2,6,5,2,2,2,5,5,2,4,3,6,4,7,9,3,7,4,5,6,2,7,3,3,2,2,3,3,2,3,3,1,3,2,4
21717755,Dir,10,5,2,1,5,5,4,6,5,0,-2,-5,6,4,6,6,9,8,6,3,2,3,5,0,6,1,4,7,4,6,2,2,3,2,5,3,3,5,2,3,4,4,3,3,2
21937706,HA,7,5,1,2,4,4,7,6,3,1,-6,-4,5,4,4,6,7,8,4,5,3,5,4,4,4,4,3,5,2,7,5,1,3,2,4,2,3,2,3,3,2,4,3,3,2
21937707,HA,5,1,3,8,6,5,6,2,-1,-4,-3,6,4,7,4,2,5,4,5,2,3,4,4,7,3,6,8,5,4,2,5,6,4,2,2,2,4,4,2,2,4,2,3,3,3
21947719,HA,4,7,4,1,5,1,3,9,-1,6,1,-8,4,4,4,5,7,7,2,3,3,6,3,5,4,6,5,6,3,3,5,5,2,4,3,3,2,3,4,4,3,2,3,2,2
21947721,HA,6,5,3,5,5,2,7,5,1,3,-4,0,7,9,4,6,4,5,3,2,4,6,0,6,2,1,7,8,4,5,4,3,3,3,3,2,3,2,3,3,2,3,3,3,2
21947723,HA,3,1,6,6,6,8,2,1,-3,-7,4,5,8,6,7,3,5,3,2,2,2,0,2,3,8,8,8,5,5,5,3,5,3,3,2,2,4,4,2,2,3,3,4,3,3
21657705,HRP,7,3,4,5,4,7,5,3,3,-4,-1,2,6,4,6,7,4,4,4,3,4,6,5,4,6,2,3,5,6,4,5,2,3,2,4,5,4,5,3,3,5,3,3,3,3
21977713,HA,3,4,7,3,7,2,4,6,-4,2,3,-3,4,3,5,1,2,3,6,3,3,5,6,9,5,6,7,4,6,7,2,7,3,4,1,2,3,5,3,3,4,2,3,2,3
21797704,HA,9,2,1,8,4,5,4,4,5,-3,-3,4,5,6,4,6,4,2,2,5,3,3,6,6,5,8,3,5,5,4,2,6,3,2,4,2,3,2,3,2,3,3,3,3,3
21667736,HA,3,2,3,6,6,8,6,1,-3,-6,-3,5,7,4,6,5,4,2,3,3,3,5,4,6,7,6,7,4,3,5,3,3,1,2,2,2,4,3,3,2,2,3,4,3,4
21847703,HA,1,1,13,4,13,3,1,1,-12,-2,12,3,3,8,4,3,2,2,1,3,3,6,7,7,7,5,6,2,4,3,7,7,3,3,1,2,2,3,2,3,3,2,4,2,4
21897703,HA,5,5,3,3,9,2,2,5,-4,3,1,-2,6,6,5,6,3,6,4,3,3,7,7,5,4,2,5,5,2,2,6,3,2,3,4,4,4,3,4,3,4,3,4,4,3
21917715,HA,4,1,8,3,10,4,2,4,-6,-3,6,-1,7,9,6,2,1,5,6,3,2,4,4,6,3,6,6,4,1,3,6,6,3,3,1,2,4,3,3,3,3,2,4,3,3
21947703,HA,2,3,8,6,11,5,0,2,-9,-2,8,4,7,6,6,1,3,2,5,6,5,3,2,7,6,9,2,4,5,3,3,5,3,3,1,5,4,5,3,3,5,3,3,3,2
21957724,HA,1,5,10,2,8,6,3,2,-7,-1,7,0,4,7,5,3,3,4,1,1,4,5,6,9,7,7,3,3,7,0,5,6,2,4,1,3,3,4,3,3,4,3,3,2,3
21967707,HA,2,4,3,6,8,3,2,5,-6,1,1,1,4,6,4,5,6,4,4,2,3,6,7,4,2,6,6,4,4,3,3,7,3,3,3,1,4,5,3,4,4,3,3,3,3
21967708,HA,5,3,4,7,9,7,2,1,-4,-4,2,6,6,2,0,1,4,8,2,6,4,4,2,7,6,7,5,6,4,4,5,7,4,2,2,1,3,5,2,3,3,1,3,3,4
21967730,HA,2,4,8,2,10,2,0,5,-8,2,8,-3,3,3,1,2,4,6,5,4,6,9,5,7,4,2,3,6,7,3,5,5,3,4,2,2,2,3,3,3,3,2,2,2,2
21967732,HA,4,1,8,5,5,8,4,2,-1,-7,4,3,6,5,4,0,1,2,2,2,4,7,5,5,5,9,8,4,5,2,7,7,4,3,1,3,3,2,3,3,2,2,3,3,3
21967734,HA,0,6,6,4,9,5,2,4,-9,1,4,0,5,3,2,3,0,3,4,2,4,8,7,9,5,4,7,6,6,4,3,5,3,4,3,3,3,4,3,3,3,2,3,3,3
21967735,HA,6,2,0,8,6,9,2,2,0,-7,-2,6,8,6,3,2,6,3,2,5,4,2,3,4,5,9,8,6,3,4,2,5,3,3,2,4,3,4,3,2,3,2,3,3,3
21977735,HA,2,1,7,6,7,8,3,2,-5,-7,4,4,6,5,6,5,2,4,6,5,3,3,6,3,4,4,5,7,4,3,3,6,4,2,2,2,4,4,2,3,2,3,4,3,4
21977736,HA,2,3,9,4,8,3,1,5,-6,0,8,-1,7,5,4,4,3,1,2,1,2,7,5,5,8,4,8,6,5,2,7,4,3,3,3,2,4,3,4,3,3,2,3,3,3
21987704,HA,1,2,7,5,10,8,0,1,-9,-6,7,4,4,5,5,3,3,8,8,1,2,5,6,7,5,2,6,7,2,2,4,5,5,2,2,5,4,5,2,3,5,3,4,3,4
21687713,HA,4,4,7,4,9,5,3,2,-5,-1,4,2,6,8,5,5,4,3,2,8,2,5,2,8,3,3,6,2,2,5,5,6,2,2,2,1,3,3,2,3,2,2,4,2,4
21687728,HA,4,5,5,2,9,3,2,5,-5,2,3,-3,4,6,6,5,5,1,2,4,3,6,3,7,4,5,7,5,5,7,5,6,3,4,2,1,3,3,3,4,2,3,4,2,3
21687746,HA,3,1,6,5,8,4,2,4,-5,-3,4,1,8,4,7,1,4,3,0,6,4,5,2,6,4,7,9,3,6,2,3,6,2,3,1,1,3,1,3,3,1,3,3,2,3
21727721,HA,0,2,4,7,10,3,1,4,-10,-1,3,3,6,4,5,3,5,3,3,3,4,4,3,5,8,6,6,5,5,4,3,5,2,3,2,2,4,2,3,3,2,2,4,2,4
21727760,HA,1,3,9,4,9,3,0,5,-8,0,9,-1,5,5,4,0,6,5,2,2,2,7,5,5,3,7,8,5,6,7,4,7,2,3,3,3,3,4,4,3,3,2,3,3,3
21707720,HA,9,2,2,3,5,4,4,6,4,-2,-2,-3,6,5,7,2,5,3,6,8,3,8,3,5,3,3,2,2,5,3,4,7,2,2,3,1,3,2,3,2,2,3,3,4,2
21717729,HA,6,1,3,6,5,6,4,3,1,-5,-1,3,6,5,2,2,5,3,5,2,2,6,1,3,2,6,8,8,6,7,4,7,3,2,3,3,4,3,2,3,3,2,3,4,3
21697734,HA,5,6,3,5,6,5,2,4,-1,1,1,1,6,3,4,7,7,6,5,1,3,7,4,4,4,4,4,6,4,3,2,6,3,3,3,5,4,4,4,3,4,3,3,3,3
21727731,HA,4,2,7,2,6,4,3,5,-2,-2,4,-3,4,8,6,4,5,3,3,4,1,8,2,6,4,7,3,7,1,3,3,8,2,3,2,1,2,1,3,2,2,3,3,2,3
21727718,HD,8,4,4,6,7,6,4,3,1,-2,0,3,8,7,6,6,6,4,4,4,2,1,4,3,7,6,3,6,3,7,3,5,3,3,3,5,4,2,3,2,3,4,3,3,3
21697709,HA,8,4,5,4,3,4,8,3,5,0,-3,1,8,7,7,6,4,1,4,3,2,3,7,2,6,7,6,5,2,3,2,5,3,3,4,2,4,2,2,3,2,3,4,4,3
21717718,HA,2,1,8,6,8,8,1,1,-6,-7,7,5,7,8,8,4,4,4,3,3,4,4,6,3,5,8,3,2,3,2,2,7,1,2,2,2,4,2,2,3,2,2,3,2,3
21697751,HA,3,1,7,5,7,9,1,3,-4,-8,6,2,8,4,6,1,5,4,4,2,4,7,4,6,5,5,7,3,6,1,1,7,2,3,1,2,3,3,3,3,2,3,4,2,3
21707714,HA,2,3,10,3,7,2,1,7,-5,1,9,-4,6,5,2,4,6,6,7,4,0,7,7,5,4,4,1,5,3,4,4,6,2,4,2,1,3,3,3,3,2,2,3,3,2
21717730,HA,2,5,6,4,10,6,2,2,-8,-1,4,2,8,7,6,3,4,3,1,3,2,9,5,6,3,4,7,4,5,3,2,5,2,3,2,3,4,2,3,3,2,3,4,3,4
21727711,HA,3,2,5,7,10,4,1,5,-7,-2,4,2,7,3,7,4,6,6,4,0,3,2,1,6,7,7,6,5,6,5,3,4,2,3,2,1,4,3,2,2,2,3,4,3,4
21747713,HA,3,2,9,3,7,3,3,5,-4,-1,6,-2,6,6,7,4,3,4,4,4,1,6,5,4,6,3,3,5,5,5,5,6,1,3,1,1,4,1,3,3,2,3,4,3,3
21697752,HA,6,1,8,4,7,3,1,6,-1,-2,7,-2,7,7,4,2,4,2,2,5,1,5,3,4,5,7,4,4,6,6,5,7,3,3,1,2,3,4,3,3,3,2,4,3,3
21737732,HA,1,2,10,2,9,4,2,4,-8,-2,8,-2,8,2,3,3,2,2,5,4,3,7,7,4,7,7,4,3,4,1,6,8,2,3,1,3,3,2,3,3,2,2,3,2,3
21747739,HA,3,4,7,6,4,8,4,4,-1,-4,3,2,8,4,3,1,2,4,5,1,4,6,4,7,7,2,8,3,7,4,5,5,2,3,1,2,3,2,2,3,2,2,3,2,3
21747724,HA,4,4,6,5,6,6,2,5,-2,-2,4,0,5,4,5,6,6,6,3,4,0,6,6,3,6,1,6,7,3,6,2,8,1,2,2,1,3,1,3,3,1,2,3,2,3
21757729,HA,6,1,4,6,8,6,2,4,-2,-5,2,2,6,4,5,5,3,5,5,1,5,3,5,6,5,7,6,5,4,7,3,6,2,3,2,1,4,4,3,3,3,2,4,3,4
21697742,HA,8,2,4,6,4,4,3,6,4,-2,1,0,4,7,6,8,8,5,5,6,2,2,3,3,3,3,3,7,3,4,2,6,2,3,4,2,4,2,2,2,2,3,3,4,3
21727720,HA,6,3,6,3,7,4,4,2,-1,-1,2,1,8,6,7,3,5,5,1,4,2,7,3,5,4,3,7,4,5,3,2,6,1,3,2,1,4,1,3,3,1,3,4,3,4
21737712,HA,7,2,4,5,7,3,3,4,0,-1,1,1,8,6,7,9,6,1,5,6,0,6,7,5,3,4,3,6,2,7,2,5,4,3,2,5,4,5,3,3,5,3,4,3,3
21737720,HA,2,3,7,5,7,4,3,5,-5,-1,4,0,8,4,8,3,4,3,2,5,3,6,3,3,3,9,8,5,2,6,4,5,1,3,1,4,3,1,3,3,2,2,3,2,2
21767735,Dn,9,3,1,7,4,8,8,2,5,-5,-7,5,4,6,7,7,6,6,4,3,2,1,4,2,8,4,4,6,2,7,4,3,3,2,4,4,4,4,2,2,4,4,4,4,3
